judge,condition,doc_id,n_claims,n_supported,n_contradicted,claim_precision
self,C-precedent,FI21052700_00002,57,55,0,0.9649
self,C-precedent,FI21052700_00003,44,44,0,1.0
self,C-precedent,FI21052700_00004,59,57,0,0.9661
self,C-precedent,FI21052700_00005,59,57,0,0.9661
self,C-precedent,FI21052700_00006,51,51,0,1.0
self,C-precedent,FI21052700_00007,55,53,0,0.9636
self,C-precedent,FI21052700_00008,59,57,0,0.9661
self,C-precedent,FI21052700_00009,51,50,0,0.9804
self,C-precedent,FI21052700_00010,58,56,0,0.9655
self,C-precedent,FI21052700_00011,55,50,0,0.9091
self,C-precedent,FI21052700_00012,55,55,0,1.0
self,C-precedent,FI21052700_00013,18,17,0,0.9444
self,C-precedent,FI21052700_00014,52,52,0,1.0
self,C-precedent,FI21052700_00015,45,41,0,0.9111
self,C-precedent,FI21052700_00016,58,57,0,0.9828
self,C-precedent,FI21052700_00017,47,46,1,0.9787
self,C-precedent,FI21052700_00018,50,50,0,1.0
self,C-precedent,FI21052700_00019,58,57,0,0.9828
self,C-precedent,FI21052700_00020,55,55,0,1.0
self,C-precedent,FI21052700_00021,49,47,1,0.9592
self,C-precedent,FI21052700_00022,59,58,0,0.9831
self,C-precedent,FI21052700_00023,47,46,1,0.9787
self,C-precedent,FI21052700_00024,61,58,0,0.9508
self,C-precedent,FI21052700_00025,52,50,0,0.9615
self,C-precedent,FI21052700_00026,68,68,0,1.0
self,C-precedent,FI21052700_00027,58,57,0,0.9828
self,C-precedent,FI21052700_00028,73,73,0,1.0
self,C-precedent,FI21052700_00029,63,58,0,0.9206
self,C-precedent,FI21052700_00030,53,53,0,1.0
self,C-precedent,FI21052700_00031,59,57,0,0.9661
self,C-precedent,FI21052700_00032,74,74,0,1.0
self,C-precedent,FI21052700_00033,57,55,0,0.9649
self,C-precedent,FI21052700_00034,57,52,0,0.9123
self,C-precedent,FI21052700_00035,50,49,0,0.98
self,C-precedent,FI21052700_00036,54,51,0,0.9444
self,C-precedent,FI21052700_00037,49,41,1,0.8367
self,C-precedent,FI21052700_00038,61,59,1,0.9672
self,C-precedent,FI21052700_00039,61,59,1,0.9672
self,C-precedent,FI21052700_00040,53,52,0,0.9811
self,C-precedent,FI21052700_00041,53,53,0,1.0
self,C-precedent,FI21052700_00042,44,41,1,0.9318
self,C-precedent,FI21052700_00043,63,59,0,0.9365
self,C-precedent,FI21052700_00044,54,50,0,0.9259
self,C-precedent,FI21052700_00045,56,55,0,0.9821
self,C-precedent,FI21052700_00046,50,50,0,1.0
self,C-precedent,FI21052700_00047,51,51,0,1.0
self,C-precedent,FI21052700_00048,62,61,0,0.9839
self,C-precedent,FI21052700_00049,38,37,0,0.9737
self,C-precedent,FI21052700_00050,62,57,0,0.9194
self,C-precedent,FI21052700_00051,65,61,0,0.9385
self,C-precedent,FI21052701_00001,67,62,0,0.9254
self,C-precedent,FI21052701_00002,52,52,0,1.0
self,C-precedent,FI21052701_00003,63,58,0,0.9206
self,C-precedent,FI21052701_00004,45,42,0,0.9333
self,C-precedent,FI21052701_00005,45,44,0,0.9778
self,C-precedent,FI21052701_00006,49,45,0,0.9184
self,C-precedent,FI21052701_00007,57,57,0,1.0
self,C-precedent,FI21052701_00008,57,55,0,0.9649
self,C-precedent,FI21052701_00009,49,49,0,1.0
self,C-precedent,FI21052701_00010,53,52,0,0.9811
self,C-precedent,FI21052701_00011,67,63,0,0.9403
self,C-precedent,FI21052701_00012,41,40,0,0.9756
self,C-precedent,FI21052701_00013,46,46,0,1.0
self,C-precedent,FI21052701_00014,59,54,0,0.9153
self,C-precedent,FI21052701_00015,55,53,0,0.9636
self,C-precedent,FI21052701_00016,46,45,0,0.9783
self,C-precedent,FI21052701_00017,57,53,0,0.9298
self,C-precedent,FI21052701_00018,53,46,0,0.8679
self,C-precedent,FI21052701_00019,39,37,0,0.9487
self,C-precedent,FI21052701_00020,62,62,0,1.0
self,C-precedent,FI21052701_00021,51,49,0,0.9608
self,C-precedent,FI21052701_00022,49,49,0,1.0
self,C-precedent,FI21052701_00023,64,62,0,0.9688
self,C-precedent,FI21052701_00024,54,54,0,1.0
self,C-precedent,FI21052701_00025,48,48,0,1.0
self,C-precedent,FI21052701_00026,45,42,0,0.9333
self,C-precedent,FI21052701_00027,46,40,0,0.8696
self,C-precedent,FI21052701_00028,45,45,0,1.0
self,C-precedent,FI21052701_00029,65,63,0,0.9692
self,C-precedent,FI21052701_00030,77,75,0,0.974
self,C-precedent,FI21052701_00032,53,50,0,0.9434
self,C-precedent,FI21052701_00033,35,35,0,1.0
self,C-precedent,FI21052701_00034,52,51,0,0.9808
self,C-precedent,FI21052701_00035,44,43,0,0.9773
self,C-precedent,FI21052701_00036,55,54,0,0.9818
self,C-precedent,FI21052701_00037,48,45,1,0.9375
self,C-precedent,FI21052701_00038,76,74,0,0.9737
self,C-precedent,FI21052701_00039,70,68,0,0.9714
self,C-precedent,FI21052701_00040,52,51,0,0.9808
self,C-precedent,FI21052701_00041,70,66,0,0.9429
self,C-precedent,FI21052701_00042,64,63,0,0.9844
self,C-precedent,FI21052701_00043,51,49,0,0.9608
self,C-precedent,FI21052701_00044,63,59,0,0.9365
self,C-precedent,FI21052701_00045,58,56,0,0.9655
self,C-precedent,FI21052701_00046,48,47,0,0.9792
self,C-precedent,FI21052701_00047,50,48,0,0.96
self,C-precedent,FI21052701_00048,61,58,0,0.9508
self,C-precedent,FI21052701_00049,61,60,0,0.9836
self,C-precedent,FI21052701_00050,53,51,0,0.9623
self,C-precedent,FI21052701_00051,58,55,0,0.9483
self,C-precedent,FI21052701_00052,58,57,0,0.9828
self,C-precedent,FI21052702_00002,51,50,0,0.9804
self,C-precedent,FI21052702_00003,40,38,0,0.95
self,C-precedent,FI21052702_00004,51,51,0,1.0
self,C-precedent,FI21052702_00005,42,40,0,0.9524
self,C-precedent,FI21052702_00006,44,44,0,1.0
self,C-precedent,FI21052702_00007,52,50,0,0.9615
self,C-precedent,FI21052702_00008,49,49,0,1.0
self,C-precedent,FI21052702_00009,53,51,0,0.9623
self,C-precedent,FI21052702_00010,49,47,0,0.9592
self,C-precedent,FI21052702_00011,44,43,0,0.9773
self,C-precedent,FI21052702_00012,55,55,0,1.0
self,C-precedent,FI21052702_00013,36,34,0,0.9444
self,C-precedent,FI21052702_00014,48,48,0,1.0
self,C-precedent,FI21052702_00015,52,52,0,1.0
self,C-precedent,FI21052702_00016,48,47,0,0.9792
self,C-precedent,FI21052702_00017,44,44,0,1.0
self,C-precedent,FI21052702_00018,51,50,1,0.9804
self,C-precedent,FI21052702_00019,35,32,0,0.9143
self,C-precedent,FI21052702_00020,47,45,0,0.9574
self,C-precedent,FI21052702_00021,54,50,0,0.9259
self,C-precedent,FI21052702_00022,38,38,0,1.0
self,C-precedent,FI21052702_00023,41,39,1,0.9512
self,C-precedent,FI21052702_00024,54,50,0,0.9259
self,C-precedent,FI21052702_00025,40,38,1,0.95
self,C-precedent,FI21052702_00026,45,42,0,0.9333
self,C-precedent,FI21052702_00027,53,52,0,0.9811
self,C-precedent,FI21052702_00028,48,47,0,0.9792
self,C-precedent,FI21052702_00029,43,43,0,1.0
self,C-precedent,FI21052702_00030,50,49,0,0.98
self,C-precedent,FI21052702_00031,53,53,0,1.0
self,C-precedent,FI21052702_00032,58,47,0,0.8103
self,C-precedent,FI21052702_00033,36,36,0,1.0
self,C-precedent,FI21052702_00034,46,44,0,0.9565
self,C-precedent,FI21052702_00035,45,43,0,0.9556
self,C-precedent,FI21052702_00036,50,48,0,0.96
self,C-precedent,FI21052702_00037,44,44,0,1.0
self,C-precedent,FI21052702_00038,50,49,0,0.98
self,C-precedent,FI21052702_00039,42,40,0,0.9524
self,C-precedent,FI21052702_00040,60,59,0,0.9833
self,C-precedent,FI21052702_00041,56,54,0,0.9643
self,C-precedent,FI21052702_00042,37,37,0,1.0
self,C-precedent,FI21052702_00043,53,52,0,0.9811
self,C-precedent,FI21052702_00044,42,41,0,0.9762
self,C-precedent,FI21052702_00045,49,48,0,0.9796
self,C-precedent,FI21052702_00046,52,52,0,1.0
self,C-precedent,FI21052702_00047,60,58,0,0.9667
self,C-precedent,FI21052702_00048,57,55,0,0.9649
self,C-precedent,FI21052702_00049,56,56,0,1.0
self,C-precedent,FI21052702_00050,56,55,0,0.9821
self,C-precedent,FI21052702_00051,42,40,1,0.9524
self,C-precedent,FI21052703_00001,49,47,0,0.9592
self,C-precedent,FI21052703_00002,52,49,0,0.9423
self,C-precedent,FI21052703_00003,44,43,0,0.9773
self,C-precedent,FI21052703_00004,41,39,0,0.9512
self,C-precedent,FI21052703_00005,66,63,0,0.9545
self,C-precedent,FI21052703_00006,43,42,0,0.9767
self,C-precedent,FI21052703_00007,59,53,0,0.8983
self,C-precedent,FI21052703_00008,49,49,0,1.0
self,C-precedent,FI21052703_00009,60,60,0,1.0
self,C-precedent,FI21052703_00010,45,45,0,1.0
self,C-precedent,FI21052703_00011,57,56,0,0.9825
self,C-precedent,FI21052703_00012,52,51,0,0.9808
self,C-precedent,FI21052703_00013,50,39,0,0.78
self,C-precedent,FI21052703_00014,40,40,0,1.0
self,C-precedent,FI21052703_00015,56,56,0,1.0
self,C-precedent,FI21052703_00016,55,55,0,1.0
self,C-precedent,FI21052703_00017,54,53,0,0.9815
self,C-precedent,FI21052703_00018,56,54,0,0.9643
self,C-precedent,FI21052703_00019,62,62,0,1.0
self,C-precedent,FI21052703_00020,56,55,0,0.9821
self,C-precedent,FI21052703_00021,49,49,0,1.0
self,C-precedent,FI21052703_00022,55,55,0,1.0
self,C-precedent,FI21052703_00023,51,50,0,0.9804
self,C-precedent,FI21052703_00024,51,48,0,0.9412
self,C-precedent,FI21052703_00025,50,49,1,0.98
self,C-precedent,FI21052703_00026,47,43,0,0.9149
self,C-precedent,FI21052703_00027,52,50,0,0.9615
self,C-precedent,FI21052703_00028,44,44,0,1.0
self,C-precedent,FI21052703_00029,46,45,1,0.9783
self,C-precedent,FI21052703_00030,59,56,0,0.9492
self,C-precedent,FI21052703_00031,68,67,0,0.9853
self,C-precedent,FI21052703_00032,54,54,0,1.0
self,C-precedent,FI21052703_00033,56,55,0,0.9821
self,C-precedent,FI21052703_00034,62,59,0,0.9516
self,C-precedent,FI21052703_00035,51,50,1,0.9804
self,C-precedent,FI21052703_00036,57,56,0,0.9825
self,C-precedent,FI21052703_00037,55,55,0,1.0
self,C-precedent,FI21052703_00038,54,54,0,1.0
self,C-precedent,FI21052703_00039,44,42,0,0.9545
self,C-precedent,FI21052703_00040,51,49,0,0.9608
self,C-precedent,FI21052703_00041,49,49,0,1.0
self,C-precedent,FI21052703_00042,61,59,0,0.9672
self,C-precedent,FI21052703_00043,62,61,0,0.9839
self,C-precedent,FI21052703_00044,63,62,0,0.9841
self,C-precedent,FI21052703_00045,49,48,0,0.9796
self,C-precedent,FI21052703_00046,69,69,0,1.0
self,C-precedent,FI21052703_00047,49,47,0,0.9592
self,C-precedent,FI21052703_00048,52,49,0,0.9423
self,C-precedent,FI21052703_00049,64,61,0,0.9531
self,C-precedent,FI21052703_00050,54,53,0,0.9815
self,C-precedent,FI21052703_00051,59,58,0,0.9831
self,C-precedent,FI21052703_00052,66,65,0,0.9848
self,C-simple,FI21052700_00002,61,57,1,0.9344
self,C-simple,FI21052700_00003,49,48,0,0.9796
self,C-simple,FI21052700_00004,55,55,0,1.0
self,C-simple,FI21052700_00005,60,60,0,1.0
self,C-simple,FI21052700_00006,58,55,0,0.9483
self,C-simple,FI21052700_00007,50,49,0,0.98
self,C-simple,FI21052700_00008,51,50,0,0.9804
self,C-simple,FI21052700_00009,58,55,0,0.9483
self,C-simple,FI21052700_00010,58,56,0,0.9655
self,C-simple,FI21052700_00011,63,61,0,0.9683
self,C-simple,FI21052700_00012,54,52,0,0.963
self,C-simple,FI21052700_00013,40,37,0,0.925
self,C-simple,FI21052700_00014,63,63,0,1.0
self,C-simple,FI21052700_00015,36,35,0,0.9722
self,C-simple,FI21052700_00016,65,65,0,1.0
self,C-simple,FI21052700_00017,50,48,0,0.96
self,C-simple,FI21052700_00018,72,70,0,0.9722
self,C-simple,FI21052700_00019,41,41,0,1.0
self,C-simple,FI21052700_00020,65,65,0,1.0
self,C-simple,FI21052700_00021,71,71,0,1.0
self,C-simple,FI21052700_00022,61,57,1,0.9344
self,C-simple,FI21052700_00023,60,58,1,0.9667
self,C-simple,FI21052700_00024,57,55,0,0.9649
self,C-simple,FI21052700_00025,65,61,0,0.9385
self,C-simple,FI21052700_00026,69,69,0,1.0
self,C-simple,FI21052700_00027,73,73,0,1.0
self,C-simple,FI21052700_00028,74,74,0,1.0
self,C-simple,FI21052700_00029,63,62,0,0.9841
self,C-simple,FI21052700_00030,61,60,0,0.9836
self,C-simple,FI21052700_00031,82,82,0,1.0
self,C-simple,FI21052700_00032,80,80,0,1.0
self,C-simple,FI21052700_00033,57,56,0,0.9825
self,C-simple,FI21052700_00034,72,72,0,1.0
self,C-simple,FI21052700_00035,70,69,0,0.9857
self,C-simple,FI21052700_00036,68,67,0,0.9853
self,C-simple,FI21052700_00037,61,59,0,0.9672
self,C-simple,FI21052700_00038,65,64,0,0.9846
self,C-simple,FI21052700_00039,60,59,1,0.9833
self,C-simple,FI21052700_00040,51,50,0,0.9804
self,C-simple,FI21052700_00041,59,54,0,0.9153
self,C-simple,FI21052700_00042,60,59,0,0.9833
self,C-simple,FI21052700_00043,49,47,0,0.9592
self,C-simple,FI21052700_00044,67,67,0,1.0
self,C-simple,FI21052700_00045,76,76,0,1.0
self,C-simple,FI21052700_00046,65,64,0,0.9846
self,C-simple,FI21052700_00047,54,54,0,1.0
self,C-simple,FI21052700_00048,52,50,0,0.9615
self,C-simple,FI21052700_00049,50,48,0,0.96
self,C-simple,FI21052700_00050,77,77,0,1.0
self,C-simple,FI21052700_00051,66,65,0,0.9848
self,C-simple,FI21052701_00001,77,77,0,1.0
self,C-simple,FI21052701_00002,60,59,0,0.9833
self,C-simple,FI21052701_00003,64,62,0,0.9688
self,C-simple,FI21052701_00004,60,59,0,0.9833
self,C-simple,FI21052701_00005,59,55,0,0.9322
self,C-simple,FI21052701_00006,69,66,1,0.9565
self,C-simple,FI21052701_00007,44,43,0,0.9773
self,C-simple,FI21052701_00008,65,63,0,0.9692
self,C-simple,FI21052701_00009,46,45,0,0.9783
self,C-simple,FI21052701_00010,67,66,0,0.9851
self,C-simple,FI21052701_00011,55,52,0,0.9455
self,C-simple,FI21052701_00012,75,75,0,1.0
self,C-simple,FI21052701_00013,83,83,0,1.0
self,C-simple,FI21052701_00014,53,50,0,0.9434
self,C-simple,FI21052701_00015,38,37,0,0.9737
self,C-simple,FI21052701_00016,66,66,0,1.0
self,C-simple,FI21052701_00017,55,52,0,0.9455
self,C-simple,FI21052701_00018,58,57,0,0.9828
self,C-simple,FI21052701_00019,63,63,0,1.0
self,C-simple,FI21052701_00020,67,63,1,0.9403
self,C-simple,FI21052701_00021,45,42,0,0.9333
self,C-simple,FI21052701_00022,65,62,0,0.9538
self,C-simple,FI21052701_00023,69,67,0,0.971
self,C-simple,FI21052701_00024,41,40,0,0.9756
self,C-simple,FI21052701_00025,64,64,0,1.0
self,C-simple,FI21052701_00026,67,62,1,0.9254
self,C-simple,FI21052701_00027,59,54,0,0.9153
self,C-simple,FI21052701_00028,63,62,0,0.9841
self,C-simple,FI21052701_00029,55,55,0,1.0
self,C-simple,FI21052701_00030,68,68,0,1.0
self,C-simple,FI21052701_00032,45,45,0,1.0
self,C-simple,FI21052701_00033,62,53,0,0.8548
self,C-simple,FI21052701_00034,45,45,0,1.0
self,C-simple,FI21052701_00035,51,49,0,0.9608
self,C-simple,FI21052701_00036,52,51,0,0.9808
self,C-simple,FI21052701_00037,51,50,0,0.9804
self,C-simple,FI21052701_00038,84,83,0,0.9881
self,C-simple,FI21052701_00039,89,89,0,1.0
self,C-simple,FI21052701_00040,60,58,0,0.9667
self,C-simple,FI21052701_00041,64,61,0,0.9531
self,C-simple,FI21052701_00042,67,64,0,0.9552
self,C-simple,FI21052701_00043,55,50,0,0.9091
self,C-simple,FI21052701_00044,78,77,0,0.9872
self,C-simple,FI21052701_00045,72,72,0,1.0
self,C-simple,FI21052701_00046,56,55,0,0.9821
self,C-simple,FI21052701_00047,56,56,0,1.0
self,C-simple,FI21052701_00048,36,36,0,1.0
self,C-simple,FI21052701_00049,56,56,0,1.0
self,C-simple,FI21052701_00050,50,50,0,1.0
self,C-simple,FI21052701_00051,65,61,0,0.9385
self,C-simple,FI21052701_00052,73,71,0,0.9726
self,C-simple,FI21052702_00002,65,64,0,0.9846
self,C-simple,FI21052702_00003,63,62,0,0.9841
self,C-simple,FI21052702_00004,58,58,0,1.0
self,C-simple,FI21052702_00005,32,31,1,0.9688
self,C-simple,FI21052702_00006,57,56,0,0.9825
self,C-simple,FI21052702_00007,62,61,0,0.9839
self,C-simple,FI21052702_00008,57,48,0,0.8421
self,C-simple,FI21052702_00009,60,60,0,1.0
self,C-simple,FI21052702_00010,52,50,0,0.9615
self,C-simple,FI21052702_00011,51,48,0,0.9412
self,C-simple,FI21052702_00012,74,73,0,0.9865
self,C-simple,FI21052702_00013,51,51,0,1.0
self,C-simple,FI21052702_00014,35,34,0,0.9714
self,C-simple,FI21052702_00015,68,67,1,0.9853
self,C-simple,FI21052702_00016,48,47,0,0.9792
self,C-simple,FI21052702_00017,46,46,0,1.0
self,C-simple,FI21052702_00018,61,54,0,0.8852
self,C-simple,FI21052702_00019,60,59,0,0.9833
self,C-simple,FI21052702_00020,47,47,0,1.0
self,C-simple,FI21052702_00021,52,48,0,0.9231
self,C-simple,FI21052702_00022,46,44,0,0.9565
self,C-simple,FI21052702_00023,49,49,0,1.0
self,C-simple,FI21052702_00024,50,48,0,0.96
self,C-simple,FI21052702_00025,62,58,0,0.9355
self,C-simple,FI21052702_00026,54,52,0,0.963
self,C-simple,FI21052702_00027,47,47,0,1.0
self,C-simple,FI21052702_00028,51,48,1,0.9412
self,C-simple,FI21052702_00029,52,48,1,0.9231
self,C-simple,FI21052702_00030,41,40,0,0.9756
self,C-simple,FI21052702_00031,61,59,0,0.9672
self,C-simple,FI21052702_00032,59,58,0,0.9831
self,C-simple,FI21052702_00033,60,59,0,0.9833
self,C-simple,FI21052702_00034,58,58,0,1.0
self,C-simple,FI21052702_00035,50,50,0,1.0
self,C-simple,FI21052702_00036,62,62,0,1.0
self,C-simple,FI21052702_00037,67,65,0,0.9701
self,C-simple,FI21052702_00038,45,44,0,0.9778
self,C-simple,FI21052702_00039,48,47,0,0.9792
self,C-simple,FI21052702_00040,52,51,1,0.9808
self,C-simple,FI21052702_00041,67,67,0,1.0
self,C-simple,FI21052702_00042,43,43,0,1.0
self,C-simple,FI21052702_00043,48,48,0,1.0
self,C-simple,FI21052702_00044,35,35,0,1.0
self,C-simple,FI21052702_00045,58,57,0,0.9828
self,C-simple,FI21052702_00046,51,51,0,1.0
self,C-simple,FI21052702_00047,52,51,0,0.9808
self,C-simple,FI21052702_00048,59,57,1,0.9661
self,C-simple,FI21052702_00049,46,45,0,0.9783
self,C-simple,FI21052702_00050,62,58,0,0.9355
self,C-simple,FI21052702_00051,39,39,0,1.0
self,C-simple,FI21052703_00001,53,53,0,1.0
self,C-simple,FI21052703_00002,57,57,0,1.0
self,C-simple,FI21052703_00003,61,59,1,0.9672
self,C-simple,FI21052703_00004,77,74,0,0.961
self,C-simple,FI21052703_00005,51,51,0,1.0
self,C-simple,FI21052703_00006,57,57,0,1.0
self,C-simple,FI21052703_00007,60,56,0,0.9333
self,C-simple,FI21052703_00008,69,69,0,1.0
self,C-simple,FI21052703_00009,87,87,0,1.0
self,C-simple,FI21052703_00010,59,56,0,0.9492
self,C-simple,FI21052703_00011,84,84,0,1.0
self,C-simple,FI21052703_00012,33,32,0,0.9697
self,C-simple,FI21052703_00013,45,45,0,1.0
self,C-simple,FI21052703_00014,55,55,0,1.0
self,C-simple,FI21052703_00015,62,62,0,1.0
self,C-simple,FI21052703_00016,81,78,0,0.963
self,C-simple,FI21052703_00017,60,60,0,1.0
self,C-simple,FI21052703_00018,58,55,1,0.9483
self,C-simple,FI21052703_00019,61,60,0,0.9836
self,C-simple,FI21052703_00020,57,55,1,0.9649
self,C-simple,FI21052703_00021,60,59,0,0.9833
self,C-simple,FI21052703_00022,74,74,0,1.0
self,C-simple,FI21052703_00023,60,59,0,0.9833
self,C-simple,FI21052703_00024,56,56,0,1.0
self,C-simple,FI21052703_00025,40,40,0,1.0
self,C-simple,FI21052703_00026,52,51,0,0.9808
self,C-simple,FI21052703_00027,47,46,0,0.9787
self,C-simple,FI21052703_00028,55,55,0,1.0
self,C-simple,FI21052703_00029,64,63,0,0.9844
self,C-simple,FI21052703_00030,58,53,0,0.9138
self,C-simple,FI21052703_00031,68,68,0,1.0
self,C-simple,FI21052703_00032,66,65,0,0.9848
self,C-simple,FI21052703_00033,52,52,0,1.0
self,C-simple,FI21052703_00034,63,63,0,1.0
self,C-simple,FI21052703_00035,67,65,0,0.9701
self,C-simple,FI21052703_00036,57,56,0,0.9825
self,C-simple,FI21052703_00037,58,57,0,0.9828
self,C-simple,FI21052703_00038,54,51,0,0.9444
self,C-simple,FI21052703_00039,59,57,0,0.9661
self,C-simple,FI21052703_00040,67,66,0,0.9851
self,C-simple,FI21052703_00041,70,69,0,0.9857
self,C-simple,FI21052703_00042,53,52,0,0.9811
self,C-simple,FI21052703_00043,59,59,0,1.0
self,C-simple,FI21052703_00044,57,57,0,1.0
self,C-simple,FI21052703_00045,57,53,0,0.9298
self,C-simple,FI21052703_00046,79,77,0,0.9747
self,C-simple,FI21052703_00047,48,46,0,0.9583
self,C-simple,FI21052703_00048,40,39,0,0.975
self,C-simple,FI21052703_00049,61,60,0,0.9836
self,C-simple,FI21052703_00050,49,47,0,0.9592
self,C-simple,FI21052703_00051,55,55,0,1.0
self,C-simple,FI21052703_00052,70,69,0,0.9857
self,C-standard,FI21052700_00002,64,64,0,1.0
self,C-standard,FI21052700_00003,44,44,0,1.0
self,C-standard,FI21052700_00004,54,52,0,0.963
self,C-standard,FI21052700_00005,72,72,0,1.0
self,C-standard,FI21052700_00006,56,56,0,1.0
self,C-standard,FI21052700_00007,52,49,0,0.9423
self,C-standard,FI21052700_00008,55,53,0,0.9636
self,C-standard,FI21052700_00009,43,42,0,0.9767
self,C-standard,FI21052700_00010,45,45,0,1.0
self,C-standard,FI21052700_00011,60,54,0,0.9
self,C-standard,FI21052700_00012,58,57,0,0.9828
self,C-standard,FI21052700_00013,61,60,0,0.9836
self,C-standard,FI21052700_00014,59,57,0,0.9661
self,C-standard,FI21052700_00015,43,41,1,0.9535
self,C-standard,FI21052700_00016,54,52,0,0.963
self,C-standard,FI21052700_00017,48,44,0,0.9167
self,C-standard,FI21052700_00018,70,69,0,0.9857
self,C-standard,FI21052700_00019,47,47,0,1.0
self,C-standard,FI21052700_00020,61,60,0,0.9836
self,C-standard,FI21052700_00021,67,63,0,0.9403
self,C-standard,FI21052700_00022,52,52,0,1.0
self,C-standard,FI21052700_00023,49,46,1,0.9388
self,C-standard,FI21052700_00024,64,64,0,1.0
self,C-standard,FI21052700_00025,66,64,0,0.9697
self,C-standard,FI21052700_00026,72,72,0,1.0
self,C-standard,FI21052700_00027,50,50,0,1.0
self,C-standard,FI21052700_00028,63,61,0,0.9683
self,C-standard,FI21052700_00029,52,52,0,1.0
self,C-standard,FI21052700_00030,55,54,0,0.9818
self,C-standard,FI21052700_00031,61,61,0,1.0
self,C-standard,FI21052700_00032,62,61,1,0.9839
self,C-standard,FI21052700_00033,58,56,0,0.9655
self,C-standard,FI21052700_00034,52,52,0,1.0
self,C-standard,FI21052700_00035,55,55,0,1.0
self,C-standard,FI21052700_00036,59,56,0,0.9492
self,C-standard,FI21052700_00037,60,58,0,0.9667
self,C-standard,FI21052700_00038,56,54,0,0.9643
self,C-standard,FI21052700_00039,51,51,0,1.0
self,C-standard,FI21052700_00040,47,46,0,0.9787
self,C-standard,FI21052700_00041,52,50,0,0.9615
self,C-standard,FI21052700_00042,45,45,0,1.0
self,C-standard,FI21052700_00043,44,44,0,1.0
self,C-standard,FI21052700_00044,56,56,0,1.0
self,C-standard,FI21052700_00045,62,61,0,0.9839
self,C-standard,FI21052700_00046,58,55,0,0.9483
self,C-standard,FI21052700_00047,49,49,0,1.0
self,C-standard,FI21052700_00048,66,65,0,0.9848
self,C-standard,FI21052700_00049,53,52,0,0.9811
self,C-standard,FI21052700_00050,63,62,0,0.9841
self,C-standard,FI21052700_00051,47,47,0,1.0
self,C-standard,FI21052701_00001,48,46,0,0.9583
self,C-standard,FI21052701_00002,51,51,0,1.0
self,C-standard,FI21052701_00003,60,58,0,0.9667
self,C-standard,FI21052701_00004,60,58,0,0.9667
self,C-standard,FI21052701_00005,29,29,0,1.0
self,C-standard,FI21052701_00006,56,56,0,1.0
self,C-standard,FI21052701_00007,37,35,0,0.9459
self,C-standard,FI21052701_00008,60,54,0,0.9
self,C-standard,FI21052701_00009,51,51,0,1.0
self,C-standard,FI21052701_00010,53,51,0,0.9623
self,C-standard,FI21052701_00011,59,48,0,0.8136
self,C-standard,FI21052701_00012,43,42,0,0.9767
self,C-standard,FI21052701_00013,15,15,0,1.0
self,C-standard,FI21052701_00014,61,61,0,1.0
self,C-standard,FI21052701_00015,53,51,0,0.9623
self,C-standard,FI21052701_00016,63,62,0,0.9841
self,C-standard,FI21052701_00017,61,60,0,0.9836
self,C-standard,FI21052701_00018,61,59,0,0.9672
self,C-standard,FI21052701_00019,50,47,0,0.94
self,C-standard,FI21052701_00020,65,61,0,0.9385
self,C-standard,FI21052701_00021,63,62,0,0.9841
self,C-standard,FI21052701_00022,57,51,0,0.8947
self,C-standard,FI21052701_00023,61,60,0,0.9836
self,C-standard,FI21052701_00024,55,54,0,0.9818
self,C-standard,FI21052701_00025,50,49,0,0.98
self,C-standard,FI21052701_00026,46,45,0,0.9783
self,C-standard,FI21052701_00027,46,46,0,1.0
self,C-standard,FI21052701_00028,59,57,0,0.9661
self,C-standard,FI21052701_00029,53,52,0,0.9811
self,C-standard,FI21052701_00030,61,57,0,0.9344
self,C-standard,FI21052701_00032,55,54,0,0.9818
self,C-standard,FI21052701_00033,51,49,0,0.9608
self,C-standard,FI21052701_00034,46,41,0,0.8913
self,C-standard,FI21052701_00035,51,50,0,0.9804
self,C-standard,FI21052701_00036,64,63,0,0.9844
self,C-standard,FI21052701_00037,49,48,0,0.9796
self,C-standard,FI21052701_00038,81,81,0,1.0
self,C-standard,FI21052701_00039,66,66,0,1.0
self,C-standard,FI21052701_00040,47,45,1,0.9574
self,C-standard,FI21052701_00041,59,57,0,0.9661
self,C-standard,FI21052701_00042,65,64,0,0.9846
self,C-standard,FI21052701_00043,48,47,0,0.9792
self,C-standard,FI21052701_00044,60,57,0,0.95
self,C-standard,FI21052701_00045,63,62,0,0.9841
self,C-standard,FI21052701_00046,50,49,0,0.98
self,C-standard,FI21052701_00047,65,64,0,0.9846
self,C-standard,FI21052701_00048,52,52,0,1.0
self,C-standard,FI21052701_00049,51,49,0,0.9608
self,C-standard,FI21052701_00050,57,55,0,0.9649
self,C-standard,FI21052701_00051,74,72,0,0.973
self,C-standard,FI21052701_00052,61,60,0,0.9836
self,C-standard,FI21052702_00002,54,54,0,1.0
self,C-standard,FI21052702_00003,38,36,0,0.9474
self,C-standard,FI21052702_00004,49,49,0,1.0
self,C-standard,FI21052702_00005,36,35,0,0.9722
self,C-standard,FI21052702_00006,43,43,0,1.0
self,C-standard,FI21052702_00007,51,51,0,1.0
self,C-standard,FI21052702_00008,60,60,0,1.0
self,C-standard,FI21052702_00009,44,44,0,1.0
self,C-standard,FI21052702_00010,42,42,0,1.0
self,C-standard,FI21052702_00011,39,39,0,1.0
self,C-standard,FI21052702_00012,51,48,0,0.9412
self,C-standard,FI21052702_00013,36,34,0,0.9444
self,C-standard,FI21052702_00014,49,49,0,1.0
self,C-standard,FI21052702_00015,66,64,0,0.9697
self,C-standard,FI21052702_00016,47,46,0,0.9787
self,C-standard,FI21052702_00017,49,48,0,0.9796
self,C-standard,FI21052702_00018,55,55,0,1.0
self,C-standard,FI21052702_00019,34,34,0,1.0
self,C-standard,FI21052702_00020,47,45,0,0.9574
self,C-standard,FI21052702_00021,52,48,0,0.9231
self,C-standard,FI21052702_00022,49,49,0,1.0
self,C-standard,FI21052702_00023,43,41,1,0.9535
self,C-standard,FI21052702_00024,44,41,0,0.9318
self,C-standard,FI21052702_00025,51,50,0,0.9804
self,C-standard,FI21052702_00026,44,44,0,1.0
self,C-standard,FI21052702_00027,48,46,0,0.9583
self,C-standard,FI21052702_00028,40,38,1,0.95
self,C-standard,FI21052702_00029,52,50,0,0.9615
self,C-standard,FI21052702_00030,47,46,0,0.9787
self,C-standard,FI21052702_00031,43,42,0,0.9767
self,C-standard,FI21052702_00032,40,35,0,0.875
self,C-standard,FI21052702_00033,51,51,0,1.0
self,C-standard,FI21052702_00034,41,39,0,0.9512
self,C-standard,FI21052702_00035,47,44,0,0.9362
self,C-standard,FI21052702_00036,41,39,0,0.9512
self,C-standard,FI21052702_00037,50,49,0,0.98
self,C-standard,FI21052702_00038,48,48,0,1.0
self,C-standard,FI21052702_00039,50,50,0,1.0
self,C-standard,FI21052702_00040,55,51,0,0.9273
self,C-standard,FI21052702_00041,42,39,0,0.9286
self,C-standard,FI21052702_00042,53,53,0,1.0
self,C-standard,FI21052702_00043,43,43,0,1.0
self,C-standard,FI21052702_00044,50,50,0,1.0
self,C-standard,FI21052702_00045,50,48,0,0.96
self,C-standard,FI21052702_00046,56,56,0,1.0
self,C-standard,FI21052702_00047,55,49,0,0.8909
self,C-standard,FI21052702_00048,53,48,0,0.9057
self,C-standard,FI21052702_00049,67,61,0,0.9104
self,C-standard,FI21052702_00050,49,48,0,0.9796
self,C-standard,FI21052702_00051,61,60,0,0.9836
self,C-standard,FI21052703_00001,53,52,0,0.9811
self,C-standard,FI21052703_00002,47,46,0,0.9787
self,C-standard,FI21052703_00003,40,38,1,0.95
self,C-standard,FI21052703_00004,52,47,0,0.9038
self,C-standard,FI21052703_00005,65,64,0,0.9846
self,C-standard,FI21052703_00006,50,46,0,0.92
self,C-standard,FI21052703_00007,51,50,0,0.9804
self,C-standard,FI21052703_00008,55,55,0,1.0
self,C-standard,FI21052703_00009,58,55,0,0.9483
self,C-standard,FI21052703_00010,39,38,0,0.9744
self,C-standard,FI21052703_00011,60,54,0,0.9
self,C-standard,FI21052703_00012,62,61,0,0.9839
self,C-standard,FI21052703_00013,54,54,0,1.0
self,C-standard,FI21052703_00014,51,51,0,1.0
self,C-standard,FI21052703_00015,63,62,0,0.9841
self,C-standard,FI21052703_00016,46,46,0,1.0
self,C-standard,FI21052703_00017,59,59,0,1.0
self,C-standard,FI21052703_00018,60,57,0,0.95
self,C-standard,FI21052703_00019,63,62,0,0.9841
self,C-standard,FI21052703_00020,45,45,0,1.0
self,C-standard,FI21052703_00021,59,58,0,0.9831
self,C-standard,FI21052703_00022,56,53,1,0.9464
self,C-standard,FI21052703_00023,50,49,0,0.98
self,C-standard,FI21052703_00024,53,53,0,1.0
self,C-standard,FI21052703_00025,47,44,1,0.9362
self,C-standard,FI21052703_00026,67,67,0,1.0
self,C-standard,FI21052703_00027,52,50,0,0.9615
self,C-standard,FI21052703_00028,57,56,0,0.9825
self,C-standard,FI21052703_00029,54,52,0,0.963
self,C-standard,FI21052703_00030,51,51,0,1.0
self,C-standard,FI21052703_00031,55,50,0,0.9091
self,C-standard,FI21052703_00032,63,62,0,0.9841
self,C-standard,FI21052703_00033,56,55,0,0.9821
self,C-standard,FI21052703_00034,44,42,0,0.9545
self,C-standard,FI21052703_00035,51,48,1,0.9412
self,C-standard,FI21052703_00036,52,49,0,0.9423
self,C-standard,FI21052703_00037,51,51,0,1.0
self,C-standard,FI21052703_00038,43,41,0,0.9535
self,C-standard,FI21052703_00039,56,55,0,0.9821
self,C-standard,FI21052703_00040,57,56,0,0.9825
self,C-standard,FI21052703_00041,45,44,0,0.9778
self,C-standard,FI21052703_00042,63,61,1,0.9683
self,C-standard,FI21052703_00043,54,54,0,1.0
self,C-standard,FI21052703_00044,55,54,0,0.9818
self,C-standard,FI21052703_00045,52,51,0,0.9808
self,C-standard,FI21052703_00046,58,58,0,1.0
self,C-standard,FI21052703_00047,54,54,0,1.0
self,C-standard,FI21052703_00048,54,49,1,0.9074
self,C-standard,FI21052703_00049,55,54,1,0.9818
self,C-standard,FI21052703_00050,46,46,0,1.0
self,C-standard,FI21052703_00051,56,56,0,1.0
self,C-standard,FI21052703_00052,78,76,0,0.9744
opus,C-precedent,FI21052700_00002,57,55,1,0.9649
opus,C-precedent,FI21052700_00003,44,43,0,0.9773
opus,C-precedent,FI21052700_00004,59,59,0,1.0
opus,C-precedent,FI21052700_00005,59,59,0,1.0
opus,C-precedent,FI21052700_00006,51,51,0,1.0
opus,C-precedent,FI21052700_00007,55,54,0,0.9818
opus,C-precedent,FI21052700_00008,59,59,0,1.0
opus,C-precedent,FI21052700_00009,51,51,0,1.0
opus,C-precedent,FI21052700_00010,58,57,0,0.9828
opus,C-precedent,FI21052700_00011,55,55,0,1.0
opus,C-precedent,FI21052700_00012,55,53,0,0.9636
opus,C-precedent,FI21052700_00013,18,17,0,0.9444
opus,C-precedent,FI21052700_00014,52,52,0,1.0
opus,C-precedent,FI21052700_00015,45,44,0,0.9778
opus,C-precedent,FI21052700_00016,58,57,0,0.9828
opus,C-precedent,FI21052700_00017,47,47,0,1.0
opus,C-precedent,FI21052700_00018,50,48,0,0.96
opus,C-precedent,FI21052700_00019,58,58,0,1.0
opus,C-precedent,FI21052700_00020,55,55,0,1.0
opus,C-precedent,FI21052700_00021,49,47,0,0.9592
opus,C-precedent,FI21052700_00022,59,59,0,1.0
opus,C-precedent,FI21052700_00023,47,47,0,1.0
opus,C-precedent,FI21052700_00024,61,61,0,1.0
opus,C-precedent,FI21052700_00025,52,51,0,0.9808
opus,C-precedent,FI21052700_00026,68,68,0,1.0
opus,C-precedent,FI21052700_00027,58,58,0,1.0
opus,C-precedent,FI21052700_00028,73,73,0,1.0
opus,C-precedent,FI21052700_00029,63,63,0,1.0
opus,C-precedent,FI21052700_00030,53,53,0,1.0
opus,C-precedent,FI21052700_00031,59,59,0,1.0
opus,C-precedent,FI21052700_00032,74,74,0,1.0
opus,C-precedent,FI21052700_00033,57,57,0,1.0
opus,C-precedent,FI21052700_00034,57,57,0,1.0
opus,C-precedent,FI21052700_00035,50,49,0,0.98
opus,C-precedent,FI21052700_00036,54,54,0,1.0
opus,C-precedent,FI21052700_00037,49,48,0,0.9796
opus,C-precedent,FI21052700_00038,61,61,0,1.0
opus,C-precedent,FI21052700_00039,61,58,1,0.9508
opus,C-precedent,FI21052700_00040,53,52,0,0.9811
opus,C-precedent,FI21052700_00041,53,53,0,1.0
opus,C-precedent,FI21052700_00042,44,44,0,1.0
opus,C-precedent,FI21052700_00043,63,63,0,1.0
opus,C-precedent,FI21052700_00044,54,52,0,0.963
opus,C-precedent,FI21052700_00045,56,56,0,1.0
opus,C-precedent,FI21052700_00046,50,50,0,1.0
opus,C-precedent,FI21052700_00047,51,50,0,0.9804
opus,C-precedent,FI21052700_00048,62,62,0,1.0
opus,C-precedent,FI21052700_00049,38,38,0,1.0
opus,C-precedent,FI21052700_00050,62,62,0,1.0
opus,C-precedent,FI21052700_00051,65,64,1,0.9846
opus,C-precedent,FI21052701_00001,67,66,0,0.9851
opus,C-precedent,FI21052701_00002,52,51,0,0.9808
opus,C-precedent,FI21052701_00003,63,59,0,0.9365
opus,C-precedent,FI21052701_00004,45,41,0,0.9111
opus,C-precedent,FI21052701_00005,45,45,0,1.0
opus,C-precedent,FI21052701_00006,49,49,0,1.0
opus,C-precedent,FI21052701_00007,57,55,1,0.9649
opus,C-precedent,FI21052701_00008,57,56,0,0.9825
opus,C-precedent,FI21052701_00009,49,49,0,1.0
opus,C-precedent,FI21052701_00010,53,53,0,1.0
opus,C-precedent,FI21052701_00011,67,67,0,1.0
opus,C-precedent,FI21052701_00012,41,41,0,1.0
opus,C-precedent,FI21052701_00013,46,45,0,0.9783
opus,C-precedent,FI21052701_00014,59,58,0,0.9831
opus,C-precedent,FI21052701_00015,55,55,0,1.0
opus,C-precedent,FI21052701_00016,46,46,0,1.0
opus,C-precedent,FI21052701_00017,57,54,0,0.9474
opus,C-precedent,FI21052701_00018,53,51,0,0.9623
opus,C-precedent,FI21052701_00019,39,38,0,0.9744
opus,C-precedent,FI21052701_00020,62,62,0,1.0
opus,C-precedent,FI21052701_00021,51,51,0,1.0
opus,C-precedent,FI21052701_00022,49,48,0,0.9796
opus,C-precedent,FI21052701_00023,64,63,0,0.9844
opus,C-precedent,FI21052701_00024,54,54,0,1.0
opus,C-precedent,FI21052701_00025,48,46,0,0.9583
opus,C-precedent,FI21052701_00026,45,43,0,0.9556
opus,C-precedent,FI21052701_00027,46,43,0,0.9348
opus,C-precedent,FI21052701_00028,45,45,0,1.0
opus,C-precedent,FI21052701_00029,65,65,0,1.0
opus,C-precedent,FI21052701_00030,77,77,0,1.0
opus,C-precedent,FI21052701_00032,53,53,0,1.0
opus,C-precedent,FI21052701_00033,35,35,0,1.0
opus,C-precedent,FI21052701_00034,52,51,0,0.9808
opus,C-precedent,FI21052701_00035,44,44,0,1.0
opus,C-precedent,FI21052701_00036,55,55,0,1.0
opus,C-precedent,FI21052701_00037,48,48,0,1.0
opus,C-precedent,FI21052701_00038,76,76,0,1.0
opus,C-precedent,FI21052701_00039,70,70,0,1.0
opus,C-precedent,FI21052701_00040,52,51,1,0.9808
opus,C-precedent,FI21052701_00041,70,70,0,1.0
opus,C-precedent,FI21052701_00042,64,63,0,0.9844
opus,C-precedent,FI21052701_00043,51,49,0,0.9608
opus,C-precedent,FI21052701_00044,63,62,0,0.9841
opus,C-precedent,FI21052701_00045,58,58,0,1.0
opus,C-precedent,FI21052701_00046,48,46,0,0.9583
opus,C-precedent,FI21052701_00047,50,49,0,0.98
opus,C-precedent,FI21052701_00048,61,61,0,1.0
opus,C-precedent,FI21052701_00049,61,61,0,1.0
opus,C-precedent,FI21052701_00050,53,53,0,1.0
opus,C-precedent,FI21052701_00051,58,58,0,1.0
opus,C-precedent,FI21052701_00052,58,58,0,1.0
opus,C-precedent,FI21052702_00002,51,50,0,0.9804
opus,C-precedent,FI21052702_00003,40,39,0,0.975
opus,C-precedent,FI21052702_00004,51,51,0,1.0
opus,C-precedent,FI21052702_00005,42,42,0,1.0
opus,C-precedent,FI21052702_00006,44,44,0,1.0
opus,C-precedent,FI21052702_00007,52,52,0,1.0
opus,C-precedent,FI21052702_00008,49,47,0,0.9592
opus,C-precedent,FI21052702_00009,53,53,0,1.0
opus,C-precedent,FI21052702_00010,49,48,0,0.9796
opus,C-precedent,FI21052702_00011,44,44,0,1.0
opus,C-precedent,FI21052702_00012,55,54,0,0.9818
opus,C-precedent,FI21052702_00013,36,35,0,0.9722
opus,C-precedent,FI21052702_00014,48,48,0,1.0
opus,C-precedent,FI21052702_00015,52,51,0,0.9808
opus,C-precedent,FI21052702_00016,48,48,0,1.0
opus,C-precedent,FI21052702_00017,44,44,0,1.0
opus,C-precedent,FI21052702_00018,51,50,1,0.9804
opus,C-precedent,FI21052702_00019,35,35,0,1.0
opus,C-precedent,FI21052702_00020,47,46,0,0.9787
opus,C-precedent,FI21052702_00021,54,52,0,0.963
opus,C-precedent,FI21052702_00022,38,38,0,1.0
opus,C-precedent,FI21052702_00023,41,41,0,1.0
opus,C-precedent,FI21052702_00024,54,53,1,0.9815
opus,C-precedent,FI21052702_00025,40,40,0,1.0
opus,C-precedent,FI21052702_00026,45,45,0,1.0
opus,C-precedent,FI21052702_00027,53,53,0,1.0
opus,C-precedent,FI21052702_00028,48,47,0,0.9792
opus,C-precedent,FI21052702_00029,43,43,0,1.0
opus,C-precedent,FI21052702_00030,50,50,0,1.0
opus,C-precedent,FI21052702_00031,53,52,0,0.9811
opus,C-precedent,FI21052702_00032,58,58,0,1.0
opus,C-precedent,FI21052702_00033,36,36,0,1.0
opus,C-precedent,FI21052702_00034,46,45,0,0.9783
opus,C-precedent,FI21052702_00035,45,45,0,1.0
opus,C-precedent,FI21052702_00036,50,50,0,1.0
opus,C-precedent,FI21052702_00037,44,44,0,1.0
opus,C-precedent,FI21052702_00038,50,49,0,0.98
opus,C-precedent,FI21052702_00039,42,42,0,1.0
opus,C-precedent,FI21052702_00040,60,59,0,0.9833
opus,C-precedent,FI21052702_00041,56,55,0,0.9821
opus,C-precedent,FI21052702_00042,37,37,0,1.0
opus,C-precedent,FI21052702_00043,53,53,0,1.0
opus,C-precedent,FI21052702_00044,42,41,0,0.9762
opus,C-precedent,FI21052702_00045,49,49,0,1.0
opus,C-precedent,FI21052702_00046,52,51,0,0.9808
opus,C-precedent,FI21052702_00047,60,60,0,1.0
opus,C-precedent,FI21052702_00048,57,56,0,0.9825
opus,C-precedent,FI21052702_00049,56,56,0,1.0
opus,C-precedent,FI21052702_00050,56,55,0,0.9821
opus,C-precedent,FI21052702_00051,42,42,0,1.0
opus,C-precedent,FI21052703_00001,49,49,0,1.0
opus,C-precedent,FI21052703_00002,52,52,0,1.0
opus,C-precedent,FI21052703_00003,44,42,0,0.9545
opus,C-precedent,FI21052703_00004,41,41,0,1.0
opus,C-precedent,FI21052703_00005,66,65,1,0.9848
opus,C-precedent,FI21052703_00006,43,43,0,1.0
opus,C-precedent,FI21052703_00007,59,59,0,1.0
opus,C-precedent,FI21052703_00008,49,48,0,0.9796
opus,C-precedent,FI21052703_00009,60,60,0,1.0
opus,C-precedent,FI21052703_00010,45,45,0,1.0
opus,C-precedent,FI21052703_00011,57,56,0,0.9825
opus,C-precedent,FI21052703_00012,52,52,0,1.0
opus,C-precedent,FI21052703_00013,50,50,0,1.0
opus,C-precedent,FI21052703_00014,40,39,0,0.975
opus,C-precedent,FI21052703_00015,56,56,0,1.0
opus,C-precedent,FI21052703_00016,55,54,0,0.9818
opus,C-precedent,FI21052703_00017,54,54,0,1.0
opus,C-precedent,FI21052703_00018,56,55,1,0.9821
opus,C-precedent,FI21052703_00019,62,61,0,0.9839
opus,C-precedent,FI21052703_00020,56,55,1,0.9821
opus,C-precedent,FI21052703_00021,49,49,0,1.0
opus,C-precedent,FI21052703_00022,55,55,0,1.0
opus,C-precedent,FI21052703_00023,51,51,0,1.0
opus,C-precedent,FI21052703_00024,51,50,0,0.9804
opus,C-precedent,FI21052703_00025,50,50,0,1.0
opus,C-precedent,FI21052703_00026,47,46,0,0.9787
opus,C-precedent,FI21052703_00027,52,52,0,1.0
opus,C-precedent,FI21052703_00028,44,44,0,1.0
opus,C-precedent,FI21052703_00029,46,44,1,0.9565
opus,C-precedent,FI21052703_00030,59,59,0,1.0
opus,C-precedent,FI21052703_00031,68,68,0,1.0
opus,C-precedent,FI21052703_00032,54,54,0,1.0
opus,C-precedent,FI21052703_00033,56,56,0,1.0
opus,C-precedent,FI21052703_00034,62,61,0,0.9839
opus,C-precedent,FI21052703_00035,51,51,0,1.0
opus,C-precedent,FI21052703_00036,57,55,0,0.9649
opus,C-precedent,FI21052703_00037,55,55,0,1.0
opus,C-precedent,FI21052703_00038,54,54,0,1.0
opus,C-precedent,FI21052703_00039,44,44,0,1.0
opus,C-precedent,FI21052703_00040,51,49,0,0.9608
opus,C-precedent,FI21052703_00041,49,47,0,0.9592
opus,C-precedent,FI21052703_00042,61,60,0,0.9836
opus,C-precedent,FI21052703_00043,62,62,0,1.0
opus,C-precedent,FI21052703_00044,63,63,0,1.0
opus,C-precedent,FI21052703_00045,49,48,1,0.9796
opus,C-precedent,FI21052703_00046,69,69,0,1.0
opus,C-precedent,FI21052703_00047,49,49,0,1.0
opus,C-precedent,FI21052703_00048,52,51,0,0.9808
opus,C-precedent,FI21052703_00049,64,63,0,0.9844
opus,C-precedent,FI21052703_00050,54,53,1,0.9815
opus,C-precedent,FI21052703_00051,59,59,0,1.0
opus,C-precedent,FI21052703_00052,66,65,0,0.9848
opus,C-simple,FI21052700_00002,61,61,0,1.0
opus,C-simple,FI21052700_00003,49,47,1,0.9592
opus,C-simple,FI21052700_00004,55,55,0,1.0
opus,C-simple,FI21052700_00005,60,59,0,0.9833
opus,C-simple,FI21052700_00006,58,58,0,1.0
opus,C-simple,FI21052700_00007,50,50,0,1.0
opus,C-simple,FI21052700_00008,51,51,0,1.0
opus,C-simple,FI21052700_00009,58,57,0,0.9828
opus,C-simple,FI21052700_00010,58,58,0,1.0
opus,C-simple,FI21052700_00011,63,62,0,0.9841
opus,C-simple,FI21052700_00012,54,54,0,1.0
opus,C-simple,FI21052700_00013,40,38,0,0.95
opus,C-simple,FI21052700_00014,63,63,0,1.0
opus,C-simple,FI21052700_00015,36,36,0,1.0
opus,C-simple,FI21052700_00016,65,62,0,0.9538
opus,C-simple,FI21052700_00017,50,50,0,1.0
opus,C-simple,FI21052700_00018,72,72,0,1.0
opus,C-simple,FI21052700_00019,41,41,0,1.0
opus,C-simple,FI21052700_00020,65,65,0,1.0
opus,C-simple,FI21052700_00021,71,71,0,1.0
opus,C-simple,FI21052700_00022,61,61,0,1.0
opus,C-simple,FI21052700_00023,60,59,0,0.9833
opus,C-simple,FI21052700_00024,57,56,0,0.9825
opus,C-simple,FI21052700_00025,65,65,0,1.0
opus,C-simple,FI21052700_00026,69,69,0,1.0
opus,C-simple,FI21052700_00027,73,73,0,1.0
opus,C-simple,FI21052700_00028,74,74,0,1.0
opus,C-simple,FI21052700_00029,63,63,0,1.0
opus,C-simple,FI21052700_00030,61,61,0,1.0
opus,C-simple,FI21052700_00031,82,81,0,0.9878
opus,C-simple,FI21052700_00032,80,80,0,1.0
opus,C-simple,FI21052700_00033,57,57,0,1.0
opus,C-simple,FI21052700_00034,72,71,0,0.9861
opus,C-simple,FI21052700_00035,70,70,0,1.0
opus,C-simple,FI21052700_00036,68,67,0,0.9853
opus,C-simple,FI21052700_00037,61,61,0,1.0
opus,C-simple,FI21052700_00038,65,65,0,1.0
opus,C-simple,FI21052700_00039,60,60,0,1.0
opus,C-simple,FI21052700_00040,51,51,0,1.0
opus,C-simple,FI21052700_00041,59,59,0,1.0
opus,C-simple,FI21052700_00042,60,60,0,1.0
opus,C-simple,FI21052700_00043,49,49,0,1.0
opus,C-simple,FI21052700_00044,67,65,0,0.9701
opus,C-simple,FI21052700_00045,76,76,0,1.0
opus,C-simple,FI21052700_00046,65,65,0,1.0
opus,C-simple,FI21052700_00047,54,54,0,1.0
opus,C-simple,FI21052700_00048,52,52,0,1.0
opus,C-simple,FI21052700_00049,50,50,0,1.0
opus,C-simple,FI21052700_00050,77,77,0,1.0
opus,C-simple,FI21052700_00051,66,66,0,1.0
opus,C-simple,FI21052701_00001,77,77,0,1.0
opus,C-simple,FI21052701_00002,60,59,0,0.9833
opus,C-simple,FI21052701_00003,64,63,0,0.9844
opus,C-simple,FI21052701_00004,60,60,0,1.0
opus,C-simple,FI21052701_00005,59,58,0,0.9831
opus,C-simple,FI21052701_00006,69,66,0,0.9565
opus,C-simple,FI21052701_00007,44,43,0,0.9773
opus,C-simple,FI21052701_00008,65,65,0,1.0
opus,C-simple,FI21052701_00009,46,44,0,0.9565
opus,C-simple,FI21052701_00010,67,66,0,0.9851
opus,C-simple,FI21052701_00011,55,54,0,0.9818
opus,C-simple,FI21052701_00012,75,74,0,0.9867
opus,C-simple,FI21052701_00013,83,82,0,0.988
opus,C-simple,FI21052701_00014,53,53,0,1.0
opus,C-simple,FI21052701_00015,38,38,0,1.0
opus,C-simple,FI21052701_00016,66,66,0,1.0
opus,C-simple,FI21052701_00017,55,55,0,1.0
opus,C-simple,FI21052701_00018,58,58,0,1.0
opus,C-simple,FI21052701_00019,63,61,0,0.9683
opus,C-simple,FI21052701_00020,67,65,0,0.9701
opus,C-simple,FI21052701_00021,45,44,0,0.9778
opus,C-simple,FI21052701_00022,65,65,0,1.0
opus,C-simple,FI21052701_00023,69,69,0,1.0
opus,C-simple,FI21052701_00024,41,41,0,1.0
opus,C-simple,FI21052701_00025,64,64,0,1.0
opus,C-simple,FI21052701_00026,67,65,0,0.9701
opus,C-simple,FI21052701_00027,59,56,0,0.9492
opus,C-simple,FI21052701_00028,63,63,0,1.0
opus,C-simple,FI21052701_00029,55,55,0,1.0
opus,C-simple,FI21052701_00030,68,67,0,0.9853
opus,C-simple,FI21052701_00032,45,45,0,1.0
opus,C-simple,FI21052701_00033,62,62,0,1.0
opus,C-simple,FI21052701_00034,45,45,0,1.0
opus,C-simple,FI21052701_00035,51,51,0,1.0
opus,C-simple,FI21052701_00036,52,52,0,1.0
opus,C-simple,FI21052701_00037,51,51,0,1.0
opus,C-simple,FI21052701_00038,84,83,0,0.9881
opus,C-simple,FI21052701_00039,89,88,0,0.9888
opus,C-simple,FI21052701_00040,60,58,0,0.9667
opus,C-simple,FI21052701_00041,64,64,0,1.0
opus,C-simple,FI21052701_00042,67,67,0,1.0
opus,C-simple,FI21052701_00043,55,52,0,0.9455
opus,C-simple,FI21052701_00044,78,78,0,1.0
opus,C-simple,FI21052701_00045,72,72,0,1.0
opus,C-simple,FI21052701_00046,56,55,1,0.9821
opus,C-simple,FI21052701_00047,56,56,0,1.0
opus,C-simple,FI21052701_00048,36,35,0,0.9722
opus,C-simple,FI21052701_00049,56,56,0,1.0
opus,C-simple,FI21052701_00050,50,49,1,0.98
opus,C-simple,FI21052701_00051,65,65,0,1.0
opus,C-simple,FI21052701_00052,73,73,0,1.0
opus,C-simple,FI21052702_00002,65,63,0,0.9692
opus,C-simple,FI21052702_00003,63,63,0,1.0
opus,C-simple,FI21052702_00004,58,58,0,1.0
opus,C-simple,FI21052702_00005,32,30,1,0.9375
opus,C-simple,FI21052702_00006,57,57,0,1.0
opus,C-simple,FI21052702_00007,62,60,0,0.9677
opus,C-simple,FI21052702_00008,57,57,0,1.0
opus,C-simple,FI21052702_00009,60,59,0,0.9833
opus,C-simple,FI21052702_00010,52,52,0,1.0
opus,C-simple,FI21052702_00011,51,51,0,1.0
opus,C-simple,FI21052702_00012,74,73,0,0.9865
opus,C-simple,FI21052702_00013,51,50,0,0.9804
opus,C-simple,FI21052702_00014,35,34,0,0.9714
opus,C-simple,FI21052702_00015,68,68,0,1.0
opus,C-simple,FI21052702_00016,48,45,0,0.9375
opus,C-simple,FI21052702_00017,46,46,0,1.0
opus,C-simple,FI21052702_00018,61,60,1,0.9836
opus,C-simple,FI21052702_00019,60,59,0,0.9833
opus,C-simple,FI21052702_00020,47,47,0,1.0
opus,C-simple,FI21052702_00021,52,52,0,1.0
opus,C-simple,FI21052702_00022,46,44,0,0.9565
opus,C-simple,FI21052702_00023,49,49,0,1.0
opus,C-simple,FI21052702_00024,50,50,0,1.0
opus,C-simple,FI21052702_00025,62,60,0,0.9677
opus,C-simple,FI21052702_00026,54,54,0,1.0
opus,C-simple,FI21052702_00027,47,47,0,1.0
opus,C-simple,FI21052702_00028,51,50,0,0.9804
opus,C-simple,FI21052702_00029,52,52,0,1.0
opus,C-simple,FI21052702_00030,41,40,0,0.9756
opus,C-simple,FI21052702_00031,61,61,0,1.0
opus,C-simple,FI21052702_00032,59,59,0,1.0
opus,C-simple,FI21052702_00033,60,58,0,0.9667
opus,C-simple,FI21052702_00034,58,57,0,0.9828
opus,C-simple,FI21052702_00035,50,50,0,1.0
opus,C-simple,FI21052702_00036,62,62,0,1.0
opus,C-simple,FI21052702_00037,67,67,0,1.0
opus,C-simple,FI21052702_00038,45,45,0,1.0
opus,C-simple,FI21052702_00039,48,47,0,0.9792
opus,C-simple,FI21052702_00040,52,52,0,1.0
opus,C-simple,FI21052702_00041,67,67,0,1.0
opus,C-simple,FI21052702_00042,43,43,0,1.0
opus,C-simple,FI21052702_00043,48,47,0,0.9792
opus,C-simple,FI21052702_00044,35,33,0,0.9429
opus,C-simple,FI21052702_00045,58,58,0,1.0
opus,C-simple,FI21052702_00046,51,51,0,1.0
opus,C-simple,FI21052702_00047,52,52,0,1.0
opus,C-simple,FI21052702_00048,59,58,0,0.9831
opus,C-simple,FI21052702_00049,46,46,0,1.0
opus,C-simple,FI21052702_00050,62,62,0,1.0
opus,C-simple,FI21052702_00051,39,39,0,1.0
opus,C-simple,FI21052703_00001,53,53,0,1.0
opus,C-simple,FI21052703_00002,57,57,0,1.0
opus,C-simple,FI21052703_00003,61,61,0,1.0
opus,C-simple,FI21052703_00004,77,77,0,1.0
opus,C-simple,FI21052703_00005,51,51,0,1.0
opus,C-simple,FI21052703_00006,57,57,0,1.0
opus,C-simple,FI21052703_00007,60,59,0,0.9833
opus,C-simple,FI21052703_00008,69,69,0,1.0
opus,C-simple,FI21052703_00009,87,87,0,1.0
opus,C-simple,FI21052703_00010,59,59,0,1.0
opus,C-simple,FI21052703_00011,84,84,0,1.0
opus,C-simple,FI21052703_00012,33,33,0,1.0
opus,C-simple,FI21052703_00013,45,45,0,1.0
opus,C-simple,FI21052703_00014,55,55,0,1.0
opus,C-simple,FI21052703_00015,62,62,0,1.0
opus,C-simple,FI21052703_00016,81,80,0,0.9877
opus,C-simple,FI21052703_00017,60,60,0,1.0
opus,C-simple,FI21052703_00018,58,56,2,0.9655
opus,C-simple,FI21052703_00019,61,61,0,1.0
opus,C-simple,FI21052703_00020,57,56,1,0.9825
opus,C-simple,FI21052703_00021,60,59,0,0.9833
opus,C-simple,FI21052703_00022,74,73,0,0.9865
opus,C-simple,FI21052703_00023,60,59,0,0.9833
opus,C-simple,FI21052703_00024,56,56,0,1.0
opus,C-simple,FI21052703_00025,40,40,0,1.0
opus,C-simple,FI21052703_00026,52,52,0,1.0
opus,C-simple,FI21052703_00027,47,47,0,1.0
opus,C-simple,FI21052703_00028,55,55,0,1.0
opus,C-simple,FI21052703_00029,64,63,0,0.9844
opus,C-simple,FI21052703_00030,58,58,0,1.0
opus,C-simple,FI21052703_00031,68,68,0,1.0
opus,C-simple,FI21052703_00032,66,66,0,1.0
opus,C-simple,FI21052703_00033,52,52,0,1.0
opus,C-simple,FI21052703_00034,63,63,0,1.0
opus,C-simple,FI21052703_00035,67,66,0,0.9851
opus,C-simple,FI21052703_00036,57,57,0,1.0
opus,C-simple,FI21052703_00037,58,58,0,1.0
opus,C-simple,FI21052703_00038,54,54,0,1.0
opus,C-simple,FI21052703_00039,59,57,1,0.9661
opus,C-simple,FI21052703_00040,67,67,0,1.0
opus,C-simple,FI21052703_00041,70,69,0,0.9857
opus,C-simple,FI21052703_00042,53,53,0,1.0
opus,C-simple,FI21052703_00043,59,57,0,0.9661
opus,C-simple,FI21052703_00044,57,56,0,0.9825
opus,C-simple,FI21052703_00045,57,55,0,0.9649
opus,C-simple,FI21052703_00046,79,79,0,1.0
opus,C-simple,FI21052703_00047,48,48,0,1.0
opus,C-simple,FI21052703_00048,40,38,0,0.95
opus,C-simple,FI21052703_00049,61,60,0,0.9836
opus,C-simple,FI21052703_00050,49,47,1,0.9592
opus,C-simple,FI21052703_00051,55,55,0,1.0
opus,C-simple,FI21052703_00052,70,69,0,0.9857
opus,C-standard,FI21052700_00002,64,64,0,1.0
opus,C-standard,FI21052700_00003,44,43,0,0.9773
opus,C-standard,FI21052700_00004,54,53,1,0.9815
opus,C-standard,FI21052700_00005,72,72,0,1.0
opus,C-standard,FI21052700_00006,56,55,0,0.9821
opus,C-standard,FI21052700_00007,52,51,0,0.9808
opus,C-standard,FI21052700_00008,55,55,0,1.0
opus,C-standard,FI21052700_00009,43,43,0,1.0
opus,C-standard,FI21052700_00010,45,44,0,0.9778
opus,C-standard,FI21052700_00011,60,57,0,0.95
opus,C-standard,FI21052700_00012,58,58,0,1.0
opus,C-standard,FI21052700_00013,61,61,0,1.0
opus,C-standard,FI21052700_00014,59,57,0,0.9661
opus,C-standard,FI21052700_00015,43,42,0,0.9767
opus,C-standard,FI21052700_00016,54,51,0,0.9444
opus,C-standard,FI21052700_00017,48,48,0,1.0
opus,C-standard,FI21052700_00018,70,70,0,1.0
opus,C-standard,FI21052700_00019,47,47,0,1.0
opus,C-standard,FI21052700_00020,61,60,0,0.9836
opus,C-standard,FI21052700_00021,67,67,0,1.0
opus,C-standard,FI21052700_00022,52,52,0,1.0
opus,C-standard,FI21052700_00023,49,49,0,1.0
opus,C-standard,FI21052700_00024,64,64,0,1.0
opus,C-standard,FI21052700_00025,66,65,0,0.9848
opus,C-standard,FI21052700_00026,72,71,0,0.9861
opus,C-standard,FI21052700_00027,50,49,0,0.98
opus,C-standard,FI21052700_00028,63,63,0,1.0
opus,C-standard,FI21052700_00029,52,52,0,1.0
opus,C-standard,FI21052700_00030,55,55,0,1.0
opus,C-standard,FI21052700_00031,61,60,0,0.9836
opus,C-standard,FI21052700_00032,62,62,0,1.0
opus,C-standard,FI21052700_00033,58,58,0,1.0
opus,C-standard,FI21052700_00034,52,52,0,1.0
opus,C-standard,FI21052700_00035,55,53,1,0.9636
opus,C-standard,FI21052700_00036,59,58,0,0.9831
opus,C-standard,FI21052700_00037,60,60,0,1.0
opus,C-standard,FI21052700_00038,56,55,0,0.9821
opus,C-standard,FI21052700_00039,51,50,0,0.9804
opus,C-standard,FI21052700_00040,47,47,0,1.0
opus,C-standard,FI21052700_00041,52,51,1,0.9808
opus,C-standard,FI21052700_00042,45,45,0,1.0
opus,C-standard,FI21052700_00043,44,44,0,1.0
opus,C-standard,FI21052700_00044,56,56,0,1.0
opus,C-standard,FI21052700_00045,62,62,0,1.0
opus,C-standard,FI21052700_00046,58,56,0,0.9655
opus,C-standard,FI21052700_00047,49,49,0,1.0
opus,C-standard,FI21052700_00048,66,64,1,0.9697
opus,C-standard,FI21052700_00049,53,53,0,1.0
opus,C-standard,FI21052700_00050,63,63,0,1.0
opus,C-standard,FI21052700_00051,47,47,0,1.0
opus,C-standard,FI21052701_00001,48,48,0,1.0
opus,C-standard,FI21052701_00002,51,51,0,1.0
opus,C-standard,FI21052701_00003,60,59,0,0.9833
opus,C-standard,FI21052701_00004,60,60,0,1.0
opus,C-standard,FI21052701_00005,29,29,0,1.0
opus,C-standard,FI21052701_00006,56,55,0,0.9821
opus,C-standard,FI21052701_00007,37,35,1,0.9459
opus,C-standard,FI21052701_00008,60,60,0,1.0
opus,C-standard,FI21052701_00009,51,51,0,1.0
opus,C-standard,FI21052701_00010,53,53,0,1.0
opus,C-standard,FI21052701_00011,59,56,0,0.9492
opus,C-standard,FI21052701_00012,43,43,0,1.0
opus,C-standard,FI21052701_00013,15,14,1,0.9333
opus,C-standard,FI21052701_00014,61,61,0,1.0
opus,C-standard,FI21052701_00015,53,53,0,1.0
opus,C-standard,FI21052701_00016,63,63,0,1.0
opus,C-standard,FI21052701_00017,61,61,0,1.0
opus,C-standard,FI21052701_00018,61,59,0,0.9672
opus,C-standard,FI21052701_00019,50,47,0,0.94
opus,C-standard,FI21052701_00020,65,65,0,1.0
opus,C-standard,FI21052701_00021,63,62,0,0.9841
opus,C-standard,FI21052701_00022,57,55,0,0.9649
opus,C-standard,FI21052701_00023,61,60,0,0.9836
opus,C-standard,FI21052701_00024,55,55,0,1.0
opus,C-standard,FI21052701_00025,50,50,0,1.0
opus,C-standard,FI21052701_00026,46,45,0,0.9783
opus,C-standard,FI21052701_00027,46,44,1,0.9565
opus,C-standard,FI21052701_00028,59,59,0,1.0
opus,C-standard,FI21052701_00029,53,51,0,0.9623
opus,C-standard,FI21052701_00030,61,60,0,0.9836
opus,C-standard,FI21052701_00032,55,55,0,1.0
opus,C-standard,FI21052701_00033,51,49,0,0.9608
opus,C-standard,FI21052701_00034,46,43,0,0.9348
opus,C-standard,FI21052701_00035,51,50,0,0.9804
opus,C-standard,FI21052701_00036,64,63,0,0.9844
opus,C-standard,FI21052701_00037,49,49,0,1.0
opus,C-standard,FI21052701_00038,81,80,1,0.9877
opus,C-standard,FI21052701_00039,66,66,0,1.0
opus,C-standard,FI21052701_00040,47,47,0,1.0
opus,C-standard,FI21052701_00041,59,59,0,1.0
opus,C-standard,FI21052701_00042,65,64,0,0.9846
opus,C-standard,FI21052701_00043,48,48,0,1.0
opus,C-standard,FI21052701_00044,60,60,0,1.0
opus,C-standard,FI21052701_00045,63,63,0,1.0
opus,C-standard,FI21052701_00046,50,49,1,0.98
opus,C-standard,FI21052701_00047,65,65,0,1.0
opus,C-standard,FI21052701_00048,52,52,0,1.0
opus,C-standard,FI21052701_00049,51,51,0,1.0
opus,C-standard,FI21052701_00050,57,55,0,0.9649
opus,C-standard,FI21052701_00051,74,73,0,0.9865
opus,C-standard,FI21052701_00052,61,61,0,1.0
opus,C-standard,FI21052702_00002,54,54,0,1.0
opus,C-standard,FI21052702_00003,38,38,0,1.0
opus,C-standard,FI21052702_00004,49,49,0,1.0
opus,C-standard,FI21052702_00005,36,36,0,1.0
opus,C-standard,FI21052702_00006,43,43,0,1.0
opus,C-standard,FI21052702_00007,51,51,0,1.0
opus,C-standard,FI21052702_00008,60,59,0,0.9833
opus,C-standard,FI21052702_00009,44,43,0,0.9773
opus,C-standard,FI21052702_00010,42,41,0,0.9762
opus,C-standard,FI21052702_00011,39,39,0,1.0
opus,C-standard,FI21052702_00012,51,50,0,0.9804
opus,C-standard,FI21052702_00013,36,36,0,1.0
opus,C-standard,FI21052702_00014,49,49,0,1.0
opus,C-standard,FI21052702_00015,66,65,0,0.9848
opus,C-standard,FI21052702_00016,47,47,0,1.0
opus,C-standard,FI21052702_00017,49,48,0,0.9796
opus,C-standard,FI21052702_00018,55,53,1,0.9636
opus,C-standard,FI21052702_00019,34,34,0,1.0
opus,C-standard,FI21052702_00020,47,46,0,0.9787
opus,C-standard,FI21052702_00021,52,52,0,1.0
opus,C-standard,FI21052702_00022,49,49,0,1.0
opus,C-standard,FI21052702_00023,43,43,0,1.0
opus,C-standard,FI21052702_00024,44,43,1,0.9773
opus,C-standard,FI21052702_00025,51,50,0,0.9804
opus,C-standard,FI21052702_00026,44,44,0,1.0
opus,C-standard,FI21052702_00027,48,47,0,0.9792
opus,C-standard,FI21052702_00028,40,39,0,0.975
opus,C-standard,FI21052702_00029,52,52,0,1.0
opus,C-standard,FI21052702_00030,47,47,0,1.0
opus,C-standard,FI21052702_00031,43,42,0,0.9767
opus,C-standard,FI21052702_00032,40,39,0,0.975
opus,C-standard,FI21052702_00033,51,51,0,1.0
opus,C-standard,FI21052702_00034,41,41,0,1.0
opus,C-standard,FI21052702_00035,47,46,0,0.9787
opus,C-standard,FI21052702_00036,41,41,0,1.0
opus,C-standard,FI21052702_00037,50,50,0,1.0
opus,C-standard,FI21052702_00038,48,48,0,1.0
opus,C-standard,FI21052702_00039,50,48,0,0.96
opus,C-standard,FI21052702_00040,55,46,0,0.8364
opus,C-standard,FI21052702_00041,42,40,0,0.9524
opus,C-standard,FI21052702_00042,53,53,0,1.0
opus,C-standard,FI21052702_00043,43,43,0,1.0
opus,C-standard,FI21052702_00044,50,50,0,1.0
opus,C-standard,FI21052702_00045,50,50,0,1.0
opus,C-standard,FI21052702_00046,56,55,0,0.9821
opus,C-standard,FI21052702_00047,55,53,0,0.9636
opus,C-standard,FI21052702_00048,53,53,0,1.0
opus,C-standard,FI21052702_00049,67,63,0,0.9403
opus,C-standard,FI21052702_00050,49,48,0,0.9796
opus,C-standard,FI21052702_00051,61,60,0,0.9836
opus,C-standard,FI21052703_00001,53,52,0,0.9811
opus,C-standard,FI21052703_00002,47,47,0,1.0
opus,C-standard,FI21052703_00003,40,39,0,0.975
opus,C-standard,FI21052703_00004,52,51,0,0.9808
opus,C-standard,FI21052703_00005,65,65,0,1.0
opus,C-standard,FI21052703_00006,50,50,0,1.0
opus,C-standard,FI21052703_00007,51,50,0,0.9804
opus,C-standard,FI21052703_00008,55,55,0,1.0
opus,C-standard,FI21052703_00009,58,58,0,1.0
opus,C-standard,FI21052703_00010,39,39,0,1.0
opus,C-standard,FI21052703_00011,60,59,0,0.9833
opus,C-standard,FI21052703_00012,62,62,0,1.0
opus,C-standard,FI21052703_00013,54,54,0,1.0
opus,C-standard,FI21052703_00014,51,51,0,1.0
opus,C-standard,FI21052703_00015,63,62,0,0.9841
opus,C-standard,FI21052703_00016,46,45,0,0.9783
opus,C-standard,FI21052703_00017,59,59,0,1.0
opus,C-standard,FI21052703_00018,60,59,1,0.9833
opus,C-standard,FI21052703_00019,63,63,0,1.0
opus,C-standard,FI21052703_00020,45,45,0,1.0
opus,C-standard,FI21052703_00021,59,59,0,1.0
opus,C-standard,FI21052703_00022,56,55,0,0.9821
opus,C-standard,FI21052703_00023,50,50,0,1.0
opus,C-standard,FI21052703_00024,53,53,0,1.0
opus,C-standard,FI21052703_00025,47,47,0,1.0
opus,C-standard,FI21052703_00026,67,67,0,1.0
opus,C-standard,FI21052703_00027,52,51,0,0.9808
opus,C-standard,FI21052703_00028,57,57,0,1.0
opus,C-standard,FI21052703_00029,54,52,0,0.963
opus,C-standard,FI21052703_00030,51,51,0,1.0
opus,C-standard,FI21052703_00031,55,51,0,0.9273
opus,C-standard,FI21052703_00032,63,63,0,1.0
opus,C-standard,FI21052703_00033,56,56,0,1.0
opus,C-standard,FI21052703_00034,44,42,0,0.9545
opus,C-standard,FI21052703_00035,51,50,0,0.9804
opus,C-standard,FI21052703_00036,52,49,1,0.9423
opus,C-standard,FI21052703_00037,51,51,0,1.0
opus,C-standard,FI21052703_00038,43,42,0,0.9767
opus,C-standard,FI21052703_00039,56,53,0,0.9464
opus,C-standard,FI21052703_00040,57,56,0,0.9825
opus,C-standard,FI21052703_00041,45,43,0,0.9556
opus,C-standard,FI21052703_00042,63,63,0,1.0
opus,C-standard,FI21052703_00043,54,54,0,1.0
opus,C-standard,FI21052703_00044,55,54,0,0.9818
opus,C-standard,FI21052703_00045,52,51,1,0.9808
opus,C-standard,FI21052703_00046,58,58,0,1.0
opus,C-standard,FI21052703_00047,54,54,0,1.0
opus,C-standard,FI21052703_00048,54,51,0,0.9444
opus,C-standard,FI21052703_00049,55,55,0,1.0
opus,C-standard,FI21052703_00050,46,44,0,0.9565
opus,C-standard,FI21052703_00051,56,56,0,1.0
opus,C-standard,FI21052703_00052,78,77,0,0.9872
gpt55,C-precedent,FI21052700_00002,57,55,0,0.9649
gpt55,C-precedent,FI21052700_00003,44,43,0,0.9773
gpt55,C-precedent,FI21052700_00004,59,59,0,1.0
gpt55,C-precedent,FI21052700_00005,59,39,0,0.661
gpt55,C-precedent,FI21052700_00006,51,51,0,1.0
gpt55,C-precedent,FI21052700_00007,55,54,0,0.9818
gpt55,C-precedent,FI21052700_00008,59,56,0,0.9492
gpt55,C-precedent,FI21052700_00009,51,45,0,0.8824
gpt55,C-precedent,FI21052700_00010,58,58,0,1.0
gpt55,C-precedent,FI21052700_00011,55,55,0,1.0
gpt55,C-precedent,FI21052700_00012,55,55,0,1.0
gpt55,C-precedent,FI21052700_00013,18,16,0,0.8889
gpt55,C-precedent,FI21052700_00014,52,52,0,1.0
gpt55,C-precedent,FI21052700_00015,45,44,0,0.9778
gpt55,C-precedent,FI21052700_00016,58,47,0,0.8103
gpt55,C-precedent,FI21052700_00017,47,47,0,1.0
gpt55,C-precedent,FI21052700_00018,50,46,0,0.92
gpt55,C-precedent,FI21052700_00019,58,53,0,0.9138
gpt55,C-precedent,FI21052700_00020,55,55,0,1.0
gpt55,C-precedent,FI21052700_00021,49,43,0,0.8776
gpt55,C-precedent,FI21052700_00022,59,59,0,1.0
gpt55,C-precedent,FI21052700_00023,47,43,0,0.9149
gpt55,C-precedent,FI21052700_00024,61,60,0,0.9836
gpt55,C-precedent,FI21052700_00025,52,52,0,1.0
gpt55,C-precedent,FI21052700_00026,68,68,0,1.0
gpt55,C-precedent,FI21052700_00027,58,58,0,1.0
gpt55,C-precedent,FI21052700_00028,73,73,0,1.0
gpt55,C-precedent,FI21052700_00029,63,51,0,0.8095
gpt55,C-precedent,FI21052700_00030,53,53,0,1.0
gpt55,C-precedent,FI21052700_00031,59,45,0,0.7627
gpt55,C-precedent,FI21052700_00032,74,56,0,0.7568
gpt55,C-precedent,FI21052700_00033,57,48,0,0.8421
gpt55,C-precedent,FI21052700_00034,57,43,0,0.7544
gpt55,C-precedent,FI21052700_00035,50,49,0,0.98
gpt55,C-precedent,FI21052700_00036,54,54,0,1.0
gpt55,C-precedent,FI21052700_00037,49,39,1,0.7959
gpt55,C-precedent,FI21052700_00038,61,60,1,0.9836
gpt55,C-precedent,FI21052700_00039,61,61,0,1.0
gpt55,C-precedent,FI21052700_00040,53,46,0,0.8679
gpt55,C-precedent,FI21052700_00041,53,44,0,0.8302
gpt55,C-precedent,FI21052700_00042,44,40,0,0.9091
gpt55,C-precedent,FI21052700_00043,63,63,0,1.0
gpt55,C-precedent,FI21052700_00044,54,46,0,0.8519
gpt55,C-precedent,FI21052700_00045,56,56,0,1.0
gpt55,C-precedent,FI21052700_00046,50,48,0,0.96
gpt55,C-precedent,FI21052700_00047,51,51,0,1.0
gpt55,C-precedent,FI21052700_00048,62,62,0,1.0
gpt55,C-precedent,FI21052700_00049,38,38,0,1.0
gpt55,C-precedent,FI21052700_00050,62,61,0,0.9839
gpt55,C-precedent,FI21052700_00051,65,62,0,0.9538
gpt55,C-precedent,FI21052701_00001,67,67,0,1.0
gpt55,C-precedent,FI21052701_00002,52,52,0,1.0
gpt55,C-precedent,FI21052701_00003,63,62,0,0.9841
gpt55,C-precedent,FI21052701_00004,45,39,0,0.8667
gpt55,C-precedent,FI21052701_00005,45,38,0,0.8444
gpt55,C-precedent,FI21052701_00006,49,49,0,1.0
gpt55,C-precedent,FI21052701_00007,57,57,0,1.0
gpt55,C-precedent,FI21052701_00008,57,49,0,0.8596
gpt55,C-precedent,FI21052701_00009,49,49,0,1.0
gpt55,C-precedent,FI21052701_00010,53,53,0,1.0
gpt55,C-precedent,FI21052701_00011,67,66,0,0.9851
gpt55,C-precedent,FI21052701_00012,41,41,0,1.0
gpt55,C-precedent,FI21052701_00013,46,46,0,1.0
gpt55,C-precedent,FI21052701_00014,59,58,0,0.9831
gpt55,C-precedent,FI21052701_00015,55,43,0,0.7818
gpt55,C-precedent,FI21052701_00016,46,43,0,0.9348
gpt55,C-precedent,FI21052701_00017,57,53,0,0.9298
gpt55,C-precedent,FI21052701_00018,53,42,0,0.7925
gpt55,C-precedent,FI21052701_00019,39,39,0,1.0
gpt55,C-precedent,FI21052701_00020,62,62,0,1.0
gpt55,C-precedent,FI21052701_00021,51,51,0,1.0
gpt55,C-precedent,FI21052701_00022,49,48,0,0.9796
gpt55,C-precedent,FI21052701_00023,64,64,0,1.0
gpt55,C-precedent,FI21052701_00024,54,54,0,1.0
gpt55,C-precedent,FI21052701_00025,48,41,0,0.8542
gpt55,C-precedent,FI21052701_00026,45,38,0,0.8444
gpt55,C-precedent,FI21052701_00027,46,41,0,0.8913
gpt55,C-precedent,FI21052701_00028,45,45,0,1.0
gpt55,C-precedent,FI21052701_00029,65,65,0,1.0
gpt55,C-precedent,FI21052701_00030,77,76,0,0.987
gpt55,C-precedent,FI21052701_00032,53,45,0,0.8491
gpt55,C-precedent,FI21052701_00033,35,35,0,1.0
gpt55,C-precedent,FI21052701_00034,52,52,0,1.0
gpt55,C-precedent,FI21052701_00035,44,44,0,1.0
gpt55,C-precedent,FI21052701_00036,55,54,0,0.9818
gpt55,C-precedent,FI21052701_00037,48,40,0,0.8333
gpt55,C-precedent,FI21052701_00038,76,50,0,0.6579
gpt55,C-precedent,FI21052701_00039,70,70,0,1.0
gpt55,C-precedent,FI21052701_00040,52,52,0,1.0
gpt55,C-precedent,FI21052701_00041,70,56,0,0.8
gpt55,C-precedent,FI21052701_00042,64,62,0,0.9688
gpt55,C-precedent,FI21052701_00043,51,51,0,1.0
gpt55,C-precedent,FI21052701_00044,63,62,0,0.9841
gpt55,C-precedent,FI21052701_00045,58,56,0,0.9655
gpt55,C-precedent,FI21052701_00046,48,40,1,0.8333
gpt55,C-precedent,FI21052701_00047,50,41,0,0.82
gpt55,C-precedent,FI21052701_00048,61,47,0,0.7705
gpt55,C-precedent,FI21052701_00049,61,43,0,0.7049
gpt55,C-precedent,FI21052701_00050,53,47,0,0.8868
gpt55,C-precedent,FI21052701_00051,58,58,0,1.0
gpt55,C-precedent,FI21052701_00052,58,50,0,0.8621
gpt55,C-precedent,FI21052702_00002,51,51,0,1.0
gpt55,C-precedent,FI21052702_00003,40,40,0,1.0
gpt55,C-precedent,FI21052702_00004,51,51,0,1.0
gpt55,C-precedent,FI21052702_00005,42,38,0,0.9048
gpt55,C-precedent,FI21052702_00006,44,42,0,0.9545
gpt55,C-precedent,FI21052702_00007,52,52,0,1.0
gpt55,C-precedent,FI21052702_00008,49,42,0,0.8571
gpt55,C-precedent,FI21052702_00009,53,53,0,1.0
gpt55,C-precedent,FI21052702_00010,49,49,0,1.0
gpt55,C-precedent,FI21052702_00011,44,41,1,0.9318
gpt55,C-precedent,FI21052702_00012,55,50,0,0.9091
gpt55,C-precedent,FI21052702_00013,36,34,0,0.9444
gpt55,C-precedent,FI21052702_00014,48,48,0,1.0
gpt55,C-precedent,FI21052702_00015,52,52,0,1.0
gpt55,C-precedent,FI21052702_00016,48,43,0,0.8958
gpt55,C-precedent,FI21052702_00017,44,42,0,0.9545
gpt55,C-precedent,FI21052702_00018,51,45,1,0.8824
gpt55,C-precedent,FI21052702_00019,35,35,0,1.0
gpt55,C-precedent,FI21052702_00020,47,44,1,0.9362
gpt55,C-precedent,FI21052702_00021,54,53,0,0.9815
gpt55,C-precedent,FI21052702_00022,38,38,0,1.0
gpt55,C-precedent,FI21052702_00023,41,41,0,1.0
gpt55,C-precedent,FI21052702_00024,54,49,0,0.9074
gpt55,C-precedent,FI21052702_00025,40,37,0,0.925
gpt55,C-precedent,FI21052702_00026,45,45,0,1.0
gpt55,C-precedent,FI21052702_00027,53,52,0,0.9811
gpt55,C-precedent,FI21052702_00028,48,44,0,0.9167
gpt55,C-precedent,FI21052702_00029,43,41,0,0.9535
gpt55,C-precedent,FI21052702_00030,50,50,0,1.0
gpt55,C-precedent,FI21052702_00031,53,53,0,1.0
gpt55,C-precedent,FI21052702_00032,58,33,0,0.569
gpt55,C-precedent,FI21052702_00033,36,36,0,1.0
gpt55,C-precedent,FI21052702_00034,46,41,0,0.8913
gpt55,C-precedent,FI21052702_00035,45,45,0,1.0
gpt55,C-precedent,FI21052702_00036,50,50,0,1.0
gpt55,C-precedent,FI21052702_00037,44,44,0,1.0
gpt55,C-precedent,FI21052702_00038,50,49,0,0.98
gpt55,C-precedent,FI21052702_00039,42,42,0,1.0
gpt55,C-precedent,FI21052702_00040,60,60,0,1.0
gpt55,C-precedent,FI21052702_00041,56,55,0,0.9821
gpt55,C-precedent,FI21052702_00042,37,37,0,1.0
gpt55,C-precedent,FI21052702_00043,53,53,0,1.0
gpt55,C-precedent,FI21052702_00044,42,42,0,1.0
gpt55,C-precedent,FI21052702_00045,49,46,0,0.9388
gpt55,C-precedent,FI21052702_00046,52,52,0,1.0
gpt55,C-precedent,FI21052702_00047,60,60,0,1.0
gpt55,C-precedent,FI21052702_00048,57,55,0,0.9649
gpt55,C-precedent,FI21052702_00049,56,56,0,1.0
gpt55,C-precedent,FI21052702_00050,56,56,0,1.0
gpt55,C-precedent,FI21052702_00051,42,40,0,0.9524
gpt55,C-precedent,FI21052703_00001,49,48,0,0.9796
gpt55,C-precedent,FI21052703_00002,52,50,0,0.9615
gpt55,C-precedent,FI21052703_00003,44,41,0,0.9318
gpt55,C-precedent,FI21052703_00004,41,41,0,1.0
gpt55,C-precedent,FI21052703_00005,66,66,0,1.0
gpt55,C-precedent,FI21052703_00006,43,43,0,1.0
gpt55,C-precedent,FI21052703_00007,59,58,0,0.9831
gpt55,C-precedent,FI21052703_00008,49,49,0,1.0
gpt55,C-precedent,FI21052703_00009,60,60,0,1.0
gpt55,C-precedent,FI21052703_00010,45,39,0,0.8667
gpt55,C-precedent,FI21052703_00011,57,50,0,0.8772
gpt55,C-precedent,FI21052703_00012,52,52,0,1.0
gpt55,C-precedent,FI21052703_00013,50,38,0,0.76
gpt55,C-precedent,FI21052703_00014,40,40,0,1.0
gpt55,C-precedent,FI21052703_00015,56,54,0,0.9643
gpt55,C-precedent,FI21052703_00016,55,55,0,1.0
gpt55,C-precedent,FI21052703_00017,54,48,0,0.8889
gpt55,C-precedent,FI21052703_00018,56,55,0,0.9821
gpt55,C-precedent,FI21052703_00019,62,62,0,1.0
gpt55,C-precedent,FI21052703_00020,56,56,0,1.0
gpt55,C-precedent,FI21052703_00021,49,47,1,0.9592
gpt55,C-precedent,FI21052703_00022,55,55,0,1.0
gpt55,C-precedent,FI21052703_00023,51,50,0,0.9804
gpt55,C-precedent,FI21052703_00024,51,50,0,0.9804
gpt55,C-precedent,FI21052703_00025,50,50,0,1.0
gpt55,C-precedent,FI21052703_00026,47,43,0,0.9149
gpt55,C-precedent,FI21052703_00027,52,52,0,1.0
gpt55,C-precedent,FI21052703_00028,44,44,0,1.0
gpt55,C-precedent,FI21052703_00029,46,44,0,0.9565
gpt55,C-precedent,FI21052703_00030,59,59,0,1.0
gpt55,C-precedent,FI21052703_00031,68,68,0,1.0
gpt55,C-precedent,FI21052703_00032,54,54,0,1.0
gpt55,C-precedent,FI21052703_00033,56,56,0,1.0
gpt55,C-precedent,FI21052703_00034,62,62,0,1.0
gpt55,C-precedent,FI21052703_00035,51,50,0,0.9804
gpt55,C-precedent,FI21052703_00036,57,57,0,1.0
gpt55,C-precedent,FI21052703_00037,55,55,0,1.0
gpt55,C-precedent,FI21052703_00038,54,54,0,1.0
gpt55,C-precedent,FI21052703_00039,44,39,0,0.8864
gpt55,C-precedent,FI21052703_00040,51,47,0,0.9216
gpt55,C-precedent,FI21052703_00041,49,44,0,0.898
gpt55,C-precedent,FI21052703_00042,61,60,0,0.9836
gpt55,C-precedent,FI21052703_00043,62,62,0,1.0
gpt55,C-precedent,FI21052703_00044,63,62,0,0.9841
gpt55,C-precedent,FI21052703_00045,49,48,0,0.9796
gpt55,C-precedent,FI21052703_00046,69,69,0,1.0
gpt55,C-precedent,FI21052703_00047,49,49,0,1.0
gpt55,C-precedent,FI21052703_00048,52,52,0,1.0
gpt55,C-precedent,FI21052703_00049,64,49,0,0.7656
gpt55,C-precedent,FI21052703_00050,54,53,0,0.9815
gpt55,C-precedent,FI21052703_00051,59,59,0,1.0
gpt55,C-precedent,FI21052703_00052,66,57,0,0.8636
gpt55,C-simple,FI21052700_00002,61,60,1,0.9836
gpt55,C-simple,FI21052700_00003,49,42,0,0.8571
gpt55,C-simple,FI21052700_00004,55,54,0,0.9818
gpt55,C-simple,FI21052700_00005,60,46,0,0.7667
gpt55,C-simple,FI21052700_00006,58,47,0,0.8103
gpt55,C-simple,FI21052700_00007,50,41,0,0.82
gpt55,C-simple,FI21052700_00008,51,51,0,1.0
gpt55,C-simple,FI21052700_00009,58,40,0,0.6897
gpt55,C-simple,FI21052700_00010,58,58,0,1.0
gpt55,C-simple,FI21052700_00011,63,56,0,0.8889
gpt55,C-simple,FI21052700_00012,54,54,0,1.0
gpt55,C-simple,FI21052700_00013,40,40,0,1.0
gpt55,C-simple,FI21052700_00014,63,45,0,0.7143
gpt55,C-simple,FI21052700_00015,36,36,0,1.0
gpt55,C-simple,FI21052700_00016,65,49,0,0.7538
gpt55,C-simple,FI21052700_00017,50,50,0,1.0
gpt55,C-simple,FI21052700_00018,72,72,0,1.0
gpt55,C-simple,FI21052700_00019,41,31,0,0.7561
gpt55,C-simple,FI21052700_00020,65,64,1,0.9846
gpt55,C-simple,FI21052700_00021,71,71,0,1.0
gpt55,C-simple,FI21052700_00022,61,61,0,1.0
gpt55,C-simple,FI21052700_00023,60,48,0,0.8
gpt55,C-simple,FI21052700_00024,57,57,0,1.0
gpt55,C-simple,FI21052700_00025,65,65,0,1.0
gpt55,C-simple,FI21052700_00026,69,69,0,1.0
gpt55,C-simple,FI21052700_00027,73,72,0,0.9863
gpt55,C-simple,FI21052700_00028,74,49,0,0.6622
gpt55,C-simple,FI21052700_00029,63,63,0,1.0
gpt55,C-simple,FI21052700_00030,61,61,0,1.0
gpt55,C-simple,FI21052700_00031,82,60,0,0.7317
gpt55,C-simple,FI21052700_00032,80,56,0,0.7
gpt55,C-simple,FI21052700_00033,57,57,0,1.0
gpt55,C-simple,FI21052700_00034,72,72,0,1.0
gpt55,C-simple,FI21052700_00035,70,70,0,1.0
gpt55,C-simple,FI21052700_00036,68,67,0,0.9853
gpt55,C-simple,FI21052700_00037,61,61,0,1.0
gpt55,C-simple,FI21052700_00038,65,64,1,0.9846
gpt55,C-simple,FI21052700_00039,60,49,0,0.8167
gpt55,C-simple,FI21052700_00040,51,51,0,1.0
gpt55,C-simple,FI21052700_00041,59,51,0,0.8644
gpt55,C-simple,FI21052700_00042,60,60,0,1.0
gpt55,C-simple,FI21052700_00043,49,49,0,1.0
gpt55,C-simple,FI21052700_00044,67,65,1,0.9701
gpt55,C-simple,FI21052700_00045,76,76,0,1.0
gpt55,C-simple,FI21052700_00046,65,54,0,0.8308
gpt55,C-simple,FI21052700_00047,54,53,1,0.9815
gpt55,C-simple,FI21052700_00048,52,52,0,1.0
gpt55,C-simple,FI21052700_00049,50,43,0,0.86
gpt55,C-simple,FI21052700_00050,77,77,0,1.0
gpt55,C-simple,FI21052700_00051,66,51,0,0.7727
gpt55,C-simple,FI21052701_00001,77,77,0,1.0
gpt55,C-simple,FI21052701_00002,60,60,0,1.0
gpt55,C-simple,FI21052701_00003,64,63,0,0.9844
gpt55,C-simple,FI21052701_00004,60,60,0,1.0
gpt55,C-simple,FI21052701_00005,59,59,0,1.0
gpt55,C-simple,FI21052701_00006,69,69,0,1.0
gpt55,C-simple,FI21052701_00007,44,44,0,1.0
gpt55,C-simple,FI21052701_00008,65,65,0,1.0
gpt55,C-simple,FI21052701_00009,46,40,0,0.8696
gpt55,C-simple,FI21052701_00010,67,67,0,1.0
gpt55,C-simple,FI21052701_00011,55,54,1,0.9818
gpt55,C-simple,FI21052701_00012,75,74,1,0.9867
gpt55,C-simple,FI21052701_00013,83,83,0,1.0
gpt55,C-simple,FI21052701_00014,53,53,0,1.0
gpt55,C-simple,FI21052701_00015,38,38,0,1.0
gpt55,C-simple,FI21052701_00016,66,66,0,1.0
gpt55,C-simple,FI21052701_00017,55,55,0,1.0
gpt55,C-simple,FI21052701_00018,58,58,0,1.0
gpt55,C-simple,FI21052701_00019,63,60,0,0.9524
gpt55,C-simple,FI21052701_00020,67,67,0,1.0
gpt55,C-simple,FI21052701_00021,45,45,0,1.0
gpt55,C-simple,FI21052701_00022,65,65,0,1.0
gpt55,C-simple,FI21052701_00023,69,69,0,1.0
gpt55,C-simple,FI21052701_00024,41,41,0,1.0
gpt55,C-simple,FI21052701_00025,64,64,0,1.0
gpt55,C-simple,FI21052701_00026,67,66,0,0.9851
gpt55,C-simple,FI21052701_00027,59,46,0,0.7797
gpt55,C-simple,FI21052701_00028,63,63,0,1.0
gpt55,C-simple,FI21052701_00029,55,55,0,1.0
gpt55,C-simple,FI21052701_00030,68,68,0,1.0
gpt55,C-simple,FI21052701_00032,45,45,0,1.0
gpt55,C-simple,FI21052701_00033,62,62,0,1.0
gpt55,C-simple,FI21052701_00034,45,45,0,1.0
gpt55,C-simple,FI21052701_00035,51,51,0,1.0
gpt55,C-simple,FI21052701_00036,52,52,0,1.0
gpt55,C-simple,FI21052701_00037,51,51,0,1.0
gpt55,C-simple,FI21052701_00038,84,84,0,1.0
gpt55,C-simple,FI21052701_00039,89,89,0,1.0
gpt55,C-simple,FI21052701_00040,60,46,0,0.7667
gpt55,C-simple,FI21052701_00041,64,43,0,0.6719
gpt55,C-simple,FI21052701_00042,67,67,0,1.0
gpt55,C-simple,FI21052701_00043,55,55,0,1.0
gpt55,C-simple,FI21052701_00044,78,78,0,1.0
gpt55,C-simple,FI21052701_00045,72,70,0,0.9722
gpt55,C-simple,FI21052701_00046,56,56,0,1.0
gpt55,C-simple,FI21052701_00047,56,56,0,1.0
gpt55,C-simple,FI21052701_00048,36,36,0,1.0
gpt55,C-simple,FI21052701_00049,56,56,0,1.0
gpt55,C-simple,FI21052701_00050,50,38,0,0.76
gpt55,C-simple,FI21052701_00051,65,64,0,0.9846
gpt55,C-simple,FI21052701_00052,73,73,0,1.0
gpt55,C-simple,FI21052702_00002,65,64,0,0.9846
gpt55,C-simple,FI21052702_00003,63,63,0,1.0
gpt55,C-simple,FI21052702_00004,58,58,0,1.0
gpt55,C-simple,FI21052702_00005,32,29,2,0.9062
gpt55,C-simple,FI21052702_00006,57,43,0,0.7544
gpt55,C-simple,FI21052702_00007,62,62,0,1.0
gpt55,C-simple,FI21052702_00008,57,55,0,0.9649
gpt55,C-simple,FI21052702_00009,60,60,0,1.0
gpt55,C-simple,FI21052702_00010,52,52,0,1.0
gpt55,C-simple,FI21052702_00011,51,39,0,0.7647
gpt55,C-simple,FI21052702_00012,74,74,0,1.0
gpt55,C-simple,FI21052702_00013,51,34,0,0.6667
gpt55,C-simple,FI21052702_00014,35,35,0,1.0
gpt55,C-simple,FI21052702_00015,68,68,0,1.0
gpt55,C-simple,FI21052702_00016,48,46,0,0.9583
gpt55,C-simple,FI21052702_00017,46,39,0,0.8478
gpt55,C-simple,FI21052702_00018,61,37,1,0.6066
gpt55,C-simple,FI21052702_00019,60,59,0,0.9833
gpt55,C-simple,FI21052702_00020,47,47,0,1.0
gpt55,C-simple,FI21052702_00021,52,51,0,0.9808
gpt55,C-simple,FI21052702_00022,46,44,0,0.9565
gpt55,C-simple,FI21052702_00023,49,49,0,1.0
gpt55,C-simple,FI21052702_00024,50,49,0,0.98
gpt55,C-simple,FI21052702_00025,62,50,0,0.8065
gpt55,C-simple,FI21052702_00026,54,53,0,0.9815
gpt55,C-simple,FI21052702_00027,47,47,0,1.0
gpt55,C-simple,FI21052702_00028,51,51,0,1.0
gpt55,C-simple,FI21052702_00029,52,52,0,1.0
gpt55,C-simple,FI21052702_00030,41,41,0,1.0
gpt55,C-simple,FI21052702_00031,61,61,0,1.0
gpt55,C-simple,FI21052702_00032,59,58,1,0.9831
gpt55,C-simple,FI21052702_00033,60,60,0,1.0
gpt55,C-simple,FI21052702_00034,58,58,0,1.0
gpt55,C-simple,FI21052702_00035,50,50,0,1.0
gpt55,C-simple,FI21052702_00036,62,62,0,1.0
gpt55,C-simple,FI21052702_00037,67,67,0,1.0
gpt55,C-simple,FI21052702_00038,45,45,0,1.0
gpt55,C-simple,FI21052702_00039,48,48,0,1.0
gpt55,C-simple,FI21052702_00040,52,52,0,1.0
gpt55,C-simple,FI21052702_00041,67,67,0,1.0
gpt55,C-simple,FI21052702_00042,43,43,0,1.0
gpt55,C-simple,FI21052702_00043,48,48,0,1.0
gpt55,C-simple,FI21052702_00044,35,35,0,1.0
gpt55,C-simple,FI21052702_00045,58,58,0,1.0
gpt55,C-simple,FI21052702_00046,51,51,0,1.0
gpt55,C-simple,FI21052702_00047,52,52,0,1.0
gpt55,C-simple,FI21052702_00048,59,59,0,1.0
gpt55,C-simple,FI21052702_00049,46,46,0,1.0
gpt55,C-simple,FI21052702_00050,62,62,0,1.0
gpt55,C-simple,FI21052702_00051,39,39,0,1.0
gpt55,C-simple,FI21052703_00001,53,53,0,1.0
gpt55,C-simple,FI21052703_00002,57,57,0,1.0
gpt55,C-simple,FI21052703_00003,61,61,0,1.0
gpt55,C-simple,FI21052703_00004,77,77,0,1.0
gpt55,C-simple,FI21052703_00005,51,51,0,1.0
gpt55,C-simple,FI21052703_00006,57,57,0,1.0
gpt55,C-simple,FI21052703_00007,60,60,0,1.0
gpt55,C-simple,FI21052703_00008,69,68,0,0.9855
gpt55,C-simple,FI21052703_00009,87,87,0,1.0
gpt55,C-simple,FI21052703_00010,59,59,0,1.0
gpt55,C-simple,FI21052703_00011,84,46,0,0.5476
gpt55,C-simple,FI21052703_00012,33,33,0,1.0
gpt55,C-simple,FI21052703_00013,45,45,0,1.0
gpt55,C-simple,FI21052703_00014,55,55,0,1.0
gpt55,C-simple,FI21052703_00015,62,54,0,0.871
gpt55,C-simple,FI21052703_00016,81,81,0,1.0
gpt55,C-simple,FI21052703_00017,60,60,0,1.0
gpt55,C-simple,FI21052703_00018,58,58,0,1.0
gpt55,C-simple,FI21052703_00019,61,61,0,1.0
gpt55,C-simple,FI21052703_00020,57,57,0,1.0
gpt55,C-simple,FI21052703_00021,60,60,0,1.0
gpt55,C-simple,FI21052703_00022,74,73,0,0.9865
gpt55,C-simple,FI21052703_00023,60,59,0,0.9833
gpt55,C-simple,FI21052703_00024,56,56,0,1.0
gpt55,C-simple,FI21052703_00025,40,40,0,1.0
gpt55,C-simple,FI21052703_00026,52,52,0,1.0
gpt55,C-simple,FI21052703_00027,47,47,0,1.0
gpt55,C-simple,FI21052703_00028,55,55,0,1.0
gpt55,C-simple,FI21052703_00029,64,63,0,0.9844
gpt55,C-simple,FI21052703_00030,58,42,0,0.7241
gpt55,C-simple,FI21052703_00031,68,68,0,1.0
gpt55,C-simple,FI21052703_00032,66,66,0,1.0
gpt55,C-simple,FI21052703_00033,52,52,0,1.0
gpt55,C-simple,FI21052703_00034,63,63,0,1.0
gpt55,C-simple,FI21052703_00035,67,66,1,0.9851
gpt55,C-simple,FI21052703_00036,57,57,0,1.0
gpt55,C-simple,FI21052703_00037,58,58,0,1.0
gpt55,C-simple,FI21052703_00038,54,54,0,1.0
gpt55,C-simple,FI21052703_00039,59,59,0,1.0
gpt55,C-simple,FI21052703_00040,67,67,0,1.0
gpt55,C-simple,FI21052703_00041,70,69,0,0.9857
gpt55,C-simple,FI21052703_00042,53,53,0,1.0
gpt55,C-simple,FI21052703_00043,59,59,0,1.0
gpt55,C-simple,FI21052703_00044,57,56,0,0.9825
gpt55,C-simple,FI21052703_00045,57,57,0,1.0
gpt55,C-simple,FI21052703_00046,79,79,0,1.0
gpt55,C-simple,FI21052703_00047,48,41,0,0.8542
gpt55,C-simple,FI21052703_00048,40,40,0,1.0
gpt55,C-simple,FI21052703_00049,61,61,0,1.0
gpt55,C-simple,FI21052703_00050,49,49,0,1.0
gpt55,C-simple,FI21052703_00051,55,55,0,1.0
gpt55,C-simple,FI21052703_00052,70,70,0,1.0
gpt55,C-standard,FI21052700_00002,64,63,0,0.9844
gpt55,C-standard,FI21052700_00003,44,42,0,0.9545
gpt55,C-standard,FI21052700_00004,54,53,0,0.9815
gpt55,C-standard,FI21052700_00005,72,72,0,1.0
gpt55,C-standard,FI21052700_00006,56,56,0,1.0
gpt55,C-standard,FI21052700_00007,52,48,0,0.9231
gpt55,C-standard,FI21052700_00008,55,53,0,0.9636
gpt55,C-standard,FI21052700_00009,43,43,0,1.0
gpt55,C-standard,FI21052700_00010,45,44,0,0.9778
gpt55,C-standard,FI21052700_00011,60,55,0,0.9167
gpt55,C-standard,FI21052700_00012,58,57,0,0.9828
gpt55,C-standard,FI21052700_00013,61,51,0,0.8361
gpt55,C-standard,FI21052700_00014,59,49,0,0.8305
gpt55,C-standard,FI21052700_00015,43,39,0,0.907
gpt55,C-standard,FI21052700_00016,54,46,0,0.8519
gpt55,C-standard,FI21052700_00017,48,47,0,0.9792
gpt55,C-standard,FI21052700_00018,70,70,0,1.0
gpt55,C-standard,FI21052700_00019,47,44,0,0.9362
gpt55,C-standard,FI21052700_00020,61,49,0,0.8033
gpt55,C-standard,FI21052700_00021,67,56,0,0.8358
gpt55,C-standard,FI21052700_00022,52,51,0,0.9808
gpt55,C-standard,FI21052700_00023,49,46,0,0.9388
gpt55,C-standard,FI21052700_00024,64,64,0,1.0
gpt55,C-standard,FI21052700_00025,66,66,0,1.0
gpt55,C-standard,FI21052700_00026,72,72,0,1.0
gpt55,C-standard,FI21052700_00027,50,44,0,0.88
gpt55,C-standard,FI21052700_00028,63,63,0,1.0
gpt55,C-standard,FI21052700_00029,52,45,0,0.8654
gpt55,C-standard,FI21052700_00030,55,54,1,0.9818
gpt55,C-standard,FI21052700_00031,61,51,0,0.8361
gpt55,C-standard,FI21052700_00032,62,60,0,0.9677
gpt55,C-standard,FI21052700_00033,58,46,0,0.7931
gpt55,C-standard,FI21052700_00034,52,47,0,0.9038
gpt55,C-standard,FI21052700_00035,55,53,1,0.9636
gpt55,C-standard,FI21052700_00036,59,59,0,1.0
gpt55,C-standard,FI21052700_00037,60,50,0,0.8333
gpt55,C-standard,FI21052700_00038,56,48,0,0.8571
gpt55,C-standard,FI21052700_00039,51,51,0,1.0
gpt55,C-standard,FI21052700_00040,47,42,0,0.8936
gpt55,C-standard,FI21052700_00041,52,40,1,0.7692
gpt55,C-standard,FI21052700_00042,45,42,0,0.9333
gpt55,C-standard,FI21052700_00043,44,44,0,1.0
gpt55,C-standard,FI21052700_00044,56,56,0,1.0
gpt55,C-standard,FI21052700_00045,62,61,0,0.9839
gpt55,C-standard,FI21052700_00046,58,54,0,0.931
gpt55,C-standard,FI21052700_00047,49,46,0,0.9388
gpt55,C-standard,FI21052700_00048,66,55,0,0.8333
gpt55,C-standard,FI21052700_00049,53,46,0,0.8679
gpt55,C-standard,FI21052700_00050,63,62,0,0.9841
gpt55,C-standard,FI21052700_00051,47,47,0,1.0
gpt55,C-standard,FI21052701_00001,48,48,0,1.0
gpt55,C-standard,FI21052701_00002,51,50,0,0.9804
gpt55,C-standard,FI21052701_00003,60,60,0,1.0
gpt55,C-standard,FI21052701_00004,60,60,0,1.0
gpt55,C-standard,FI21052701_00005,29,29,0,1.0
gpt55,C-standard,FI21052701_00006,56,56,0,1.0
gpt55,C-standard,FI21052701_00007,37,37,0,1.0
gpt55,C-standard,FI21052701_00008,60,52,0,0.8667
gpt55,C-standard,FI21052701_00009,51,51,0,1.0
gpt55,C-standard,FI21052701_00010,53,53,0,1.0
gpt55,C-standard,FI21052701_00011,59,49,0,0.8305
gpt55,C-standard,FI21052701_00012,43,42,0,0.9767
gpt55,C-standard,FI21052701_00013,15,15,0,1.0
gpt55,C-standard,FI21052701_00014,61,60,0,0.9836
gpt55,C-standard,FI21052701_00015,53,53,0,1.0
gpt55,C-standard,FI21052701_00016,63,62,0,0.9841
gpt55,C-standard,FI21052701_00017,61,50,0,0.8197
gpt55,C-standard,FI21052701_00018,61,61,0,1.0
gpt55,C-standard,FI21052701_00019,50,44,0,0.88
gpt55,C-standard,FI21052701_00020,65,65,0,1.0
gpt55,C-standard,FI21052701_00021,63,63,0,1.0
gpt55,C-standard,FI21052701_00022,57,53,0,0.9298
gpt55,C-standard,FI21052701_00023,61,61,0,1.0
gpt55,C-standard,FI21052701_00024,55,55,0,1.0
gpt55,C-standard,FI21052701_00025,50,44,0,0.88
gpt55,C-standard,FI21052701_00026,46,46,0,1.0
gpt55,C-standard,FI21052701_00027,46,46,0,1.0
gpt55,C-standard,FI21052701_00028,59,59,0,1.0
gpt55,C-standard,FI21052701_00029,53,53,0,1.0
gpt55,C-standard,FI21052701_00030,61,54,0,0.8852
gpt55,C-standard,FI21052701_00032,55,47,0,0.8545
gpt55,C-standard,FI21052701_00033,51,51,0,1.0
gpt55,C-standard,FI21052701_00034,46,46,0,1.0
gpt55,C-standard,FI21052701_00035,51,49,0,0.9608
gpt55,C-standard,FI21052701_00036,64,64,0,1.0
gpt55,C-standard,FI21052701_00037,49,49,0,1.0
gpt55,C-standard,FI21052701_00038,81,53,0,0.6543
gpt55,C-standard,FI21052701_00039,66,66,0,1.0
gpt55,C-standard,FI21052701_00040,47,46,0,0.9787
gpt55,C-standard,FI21052701_00041,59,59,0,1.0
gpt55,C-standard,FI21052701_00042,65,64,0,0.9846
gpt55,C-standard,FI21052701_00043,48,48,0,1.0
gpt55,C-standard,FI21052701_00044,60,60,0,1.0
gpt55,C-standard,FI21052701_00045,63,63,0,1.0
gpt55,C-standard,FI21052701_00046,50,43,0,0.86
gpt55,C-standard,FI21052701_00047,65,47,0,0.7231
gpt55,C-standard,FI21052701_00048,52,52,0,1.0
gpt55,C-standard,FI21052701_00049,51,40,0,0.7843
gpt55,C-standard,FI21052701_00050,57,48,0,0.8421
gpt55,C-standard,FI21052701_00051,74,74,0,1.0
gpt55,C-standard,FI21052701_00052,61,51,0,0.8361
gpt55,C-standard,FI21052702_00002,54,54,0,1.0
gpt55,C-standard,FI21052702_00003,38,37,0,0.9737
gpt55,C-standard,FI21052702_00004,49,49,0,1.0
gpt55,C-standard,FI21052702_00005,36,32,0,0.8889
gpt55,C-standard,FI21052702_00006,43,43,0,1.0
gpt55,C-standard,FI21052702_00007,51,36,0,0.7059
gpt55,C-standard,FI21052702_00008,60,47,0,0.7833
gpt55,C-standard,FI21052702_00009,44,44,0,1.0
gpt55,C-standard,FI21052702_00010,42,42,0,1.0
gpt55,C-standard,FI21052702_00011,39,36,0,0.9231
gpt55,C-standard,FI21052702_00012,51,49,0,0.9608
gpt55,C-standard,FI21052702_00013,36,34,0,0.9444
gpt55,C-standard,FI21052702_00014,49,48,0,0.9796
gpt55,C-standard,FI21052702_00015,66,66,0,1.0
gpt55,C-standard,FI21052702_00016,47,43,0,0.9149
gpt55,C-standard,FI21052702_00017,49,44,0,0.898
gpt55,C-standard,FI21052702_00018,55,48,0,0.8727
gpt55,C-standard,FI21052702_00019,34,34,0,1.0
gpt55,C-standard,FI21052702_00020,47,46,0,0.9787
gpt55,C-standard,FI21052702_00021,52,52,0,1.0
gpt55,C-standard,FI21052702_00022,49,49,0,1.0
gpt55,C-standard,FI21052702_00023,43,43,0,1.0
gpt55,C-standard,FI21052702_00024,44,38,1,0.8636
gpt55,C-standard,FI21052702_00025,51,44,0,0.8627
gpt55,C-standard,FI21052702_00026,44,43,0,0.9773
gpt55,C-standard,FI21052702_00027,48,47,0,0.9792
gpt55,C-standard,FI21052702_00028,40,37,0,0.925
gpt55,C-standard,FI21052702_00029,52,48,0,0.9231
gpt55,C-standard,FI21052702_00030,47,47,0,1.0
gpt55,C-standard,FI21052702_00031,43,40,0,0.9302
gpt55,C-standard,FI21052702_00032,40,37,0,0.925
gpt55,C-standard,FI21052702_00033,51,51,0,1.0
gpt55,C-standard,FI21052702_00034,41,41,0,1.0
gpt55,C-standard,FI21052702_00035,47,46,0,0.9787
gpt55,C-standard,FI21052702_00036,41,41,0,1.0
gpt55,C-standard,FI21052702_00037,50,50,0,1.0
gpt55,C-standard,FI21052702_00038,48,42,0,0.875
gpt55,C-standard,FI21052702_00039,50,50,0,1.0
gpt55,C-standard,FI21052702_00040,55,46,0,0.8364
gpt55,C-standard,FI21052702_00041,42,38,0,0.9048
gpt55,C-standard,FI21052702_00042,53,53,0,1.0
gpt55,C-standard,FI21052702_00043,43,43,0,1.0
gpt55,C-standard,FI21052702_00044,50,50,0,1.0
gpt55,C-standard,FI21052702_00045,50,50,0,1.0
gpt55,C-standard,FI21052702_00046,56,56,0,1.0
gpt55,C-standard,FI21052702_00047,55,46,0,0.8364
gpt55,C-standard,FI21052702_00048,53,53,0,1.0
gpt55,C-standard,FI21052702_00049,67,54,0,0.806
gpt55,C-standard,FI21052702_00050,49,49,0,1.0
gpt55,C-standard,FI21052702_00051,61,60,0,0.9836
gpt55,C-standard,FI21052703_00001,53,52,0,0.9811
gpt55,C-standard,FI21052703_00002,47,44,0,0.9362
gpt55,C-standard,FI21052703_00003,40,38,0,0.95
gpt55,C-standard,FI21052703_00004,52,45,0,0.8654
gpt55,C-standard,FI21052703_00005,65,65,0,1.0
gpt55,C-standard,FI21052703_00006,50,40,0,0.8
gpt55,C-standard,FI21052703_00007,51,51,0,1.0
gpt55,C-standard,FI21052703_00008,55,55,0,1.0
gpt55,C-standard,FI21052703_00009,58,57,0,0.9828
gpt55,C-standard,FI21052703_00010,39,39,0,1.0
gpt55,C-standard,FI21052703_00011,60,56,0,0.9333
gpt55,C-standard,FI21052703_00012,62,52,0,0.8387
gpt55,C-standard,FI21052703_00013,54,54,0,1.0
gpt55,C-standard,FI21052703_00014,51,51,0,1.0
gpt55,C-standard,FI21052703_00015,63,63,0,1.0
gpt55,C-standard,FI21052703_00016,46,46,0,1.0
gpt55,C-standard,FI21052703_00017,59,59,0,1.0
gpt55,C-standard,FI21052703_00018,60,60,0,1.0
gpt55,C-standard,FI21052703_00019,63,63,0,1.0
gpt55,C-standard,FI21052703_00020,45,45,0,1.0
gpt55,C-standard,FI21052703_00021,59,59,0,1.0
gpt55,C-standard,FI21052703_00022,56,55,0,0.9821
gpt55,C-standard,FI21052703_00023,50,44,0,0.88
gpt55,C-standard,FI21052703_00024,53,53,0,1.0
gpt55,C-standard,FI21052703_00025,47,47,0,1.0
gpt55,C-standard,FI21052703_00026,67,67,0,1.0
gpt55,C-standard,FI21052703_00027,52,50,0,0.9615
gpt55,C-standard,FI21052703_00028,57,55,0,0.9649
gpt55,C-standard,FI21052703_00029,54,54,0,1.0
gpt55,C-standard,FI21052703_00030,51,49,0,0.9608
gpt55,C-standard,FI21052703_00031,55,48,0,0.8727
gpt55,C-standard,FI21052703_00032,63,63,0,1.0
gpt55,C-standard,FI21052703_00033,56,55,0,0.9821
gpt55,C-standard,FI21052703_00034,44,40,0,0.9091
gpt55,C-standard,FI21052703_00035,51,41,1,0.8039
gpt55,C-standard,FI21052703_00036,52,51,0,0.9808
gpt55,C-standard,FI21052703_00037,51,51,0,1.0
gpt55,C-standard,FI21052703_00038,43,42,0,0.9767
gpt55,C-standard,FI21052703_00039,56,50,0,0.8929
gpt55,C-standard,FI21052703_00040,57,52,0,0.9123
gpt55,C-standard,FI21052703_00041,45,44,0,0.9778
gpt55,C-standard,FI21052703_00042,63,63,0,1.0
gpt55,C-standard,FI21052703_00043,54,54,0,1.0
gpt55,C-standard,FI21052703_00044,55,46,0,0.8364
gpt55,C-standard,FI21052703_00045,52,52,0,1.0
gpt55,C-standard,FI21052703_00046,58,58,0,1.0
gpt55,C-standard,FI21052703_00047,54,54,0,1.0
gpt55,C-standard,FI21052703_00048,54,54,0,1.0
gpt55,C-standard,FI21052703_00049,55,50,0,0.9091
gpt55,C-standard,FI21052703_00050,46,44,0,0.9565
gpt55,C-standard,FI21052703_00051,56,56,0,1.0
gpt55,C-standard,FI21052703_00052,78,77,0,0.9872
