doc_id,issue_date,title,catalog_url
FI21052700_00002,1927-01-22,"Miami Life, January 22, 1927",https://dpanther.fiu.edu/search?ln=en&p=FI21052700_00002
FI21052700_00003,1927-01-29,"Miami Life, January 29, 1927",https://dpanther.fiu.edu/search?ln=en&p=FI21052700_00003
FI21052700_00004,1927-02-05,"Miami Life, February 5, 1927",https://dpanther.fiu.edu/search?ln=en&p=FI21052700_00004
FI21052700_00005,1927-02-15,"Miami Life, February 15, 1927",https://dpanther.fiu.edu/search?ln=en&p=FI21052700_00005
FI21052700_00006,1927-02-19,"Miami Life, February 19, 1927",https://dpanther.fiu.edu/search?ln=en&p=FI21052700_00006
FI21052700_00007,1927-02-26,"Miami Life, February 26, 1927",https://dpanther.fiu.edu/search?ln=en&p=FI21052700_00007
FI21052700_00008,1927-03-05,"Miami Life, March 5, 1927",https://dpanther.fiu.edu/search?ln=en&p=FI21052700_00008
FI21052700_00009,1927-03-12,"Miami Life, March 12, 1927",https://dpanther.fiu.edu/search?ln=en&p=FI21052700_00009
FI21052700_00010,1927-03-19,"Miami Life, March 19, 1927",https://dpanther.fiu.edu/search?ln=en&p=FI21052700_00010
FI21052700_00011,1927-03-26,"Miami Life, March 26, 1927",https://dpanther.fiu.edu/search?ln=en&p=FI21052700_00011
FI21052700_00012,1927-04-02,"Miami Life, April 2, 1927",https://dpanther.fiu.edu/search?ln=en&p=FI21052700_00012
FI21052700_00013,1927-04-09,"Miami Life, April 9, 1927",https://dpanther.fiu.edu/search?ln=en&p=FI21052700_00013
FI21052700_00014,1927-04-16,"Miami Life, April 16, 1927",https://dpanther.fiu.edu/search?ln=en&p=FI21052700_00014
FI21052700_00015,1927-04-23,"Miami Life, April 23, 1927",https://dpanther.fiu.edu/search?ln=en&p=FI21052700_00015
FI21052700_00016,1927-04-30,"Miami Life, April 30, 1927",https://dpanther.fiu.edu/search?ln=en&p=FI21052700_00016
FI21052700_00017,1927-05-07,"Miami Life, May 7, 1927",https://dpanther.fiu.edu/search?ln=en&p=FI21052700_00017
FI21052700_00018,1927-05-14,"Miami Life, May 14, 1927",https://dpanther.fiu.edu/search?ln=en&p=FI21052700_00018
FI21052700_00019,1927-05-21,"Miami Life, May 21, 1927",https://dpanther.fiu.edu/search?ln=en&p=FI21052700_00019
FI21052700_00020,1927-05-28,"Miami Life, May 28, 1927",https://dpanther.fiu.edu/search?ln=en&p=FI21052700_00020
FI21052700_00021,1927-06-04,"Miami Life, June 4, 1927",https://dpanther.fiu.edu/search?ln=en&p=FI21052700_00021
FI21052700_00022,1927-06-11,"Miami Life, June 11, 1927",https://dpanther.fiu.edu/search?ln=en&p=FI21052700_00022
FI21052700_00023,1927-06-18,"Miami Life, June 18, 1927",https://dpanther.fiu.edu/search?ln=en&p=FI21052700_00023
FI21052700_00024,1927-06-25,"Miami Life, June 25, 1927",https://dpanther.fiu.edu/search?ln=en&p=FI21052700_00024
FI21052700_00025,1927-07-02,"Miami Life, July 2, 1927",https://dpanther.fiu.edu/search?ln=en&p=FI21052700_00025
FI21052700_00026,1927-07-09,"Miami Life, July 9, 1927",https://dpanther.fiu.edu/search?ln=en&p=FI21052700_00026
FI21052700_00027,1927-07-16,"Miami Life, July 16, 1927",https://dpanther.fiu.edu/search?ln=en&p=FI21052700_00027
FI21052700_00028,1927-07-23,"Miami Life, July 23, 1927",https://dpanther.fiu.edu/search?ln=en&p=FI21052700_00028
FI21052700_00029,1927-07-30,"Miami Life, July 30, 1927",https://dpanther.fiu.edu/search?ln=en&p=FI21052700_00029
FI21052700_00030,1927-08-06,"Miami Life, August 6, 1927",https://dpanther.fiu.edu/search?ln=en&p=FI21052700_00030
FI21052700_00031,1927-08-13,"Miami Life, August 13, 1927",https://dpanther.fiu.edu/search?ln=en&p=FI21052700_00031
FI21052700_00032,1927-08-20,"Miami Life, August 20, 1927",https://dpanther.fiu.edu/search?ln=en&p=FI21052700_00032
FI21052700_00033,1927-08-27,"Miami Life, August 27, 1927",https://dpanther.fiu.edu/search?ln=en&p=FI21052700_00033
FI21052700_00034,1927-09-03,"Miami Life, September 3, 1927",https://dpanther.fiu.edu/search?ln=en&p=FI21052700_00034
FI21052700_00035,1927-09-10,"Miami Life, September 10, 1927",https://dpanther.fiu.edu/search?ln=en&p=FI21052700_00035
FI21052700_00036,1927-09-17,"Miami Life, September 17, 1927",https://dpanther.fiu.edu/search?ln=en&p=FI21052700_00036
FI21052700_00037,1927-09-24,"Miami Life, September 24, 1927",https://dpanther.fiu.edu/search?ln=en&p=FI21052700_00037
FI21052700_00038,1927-10-01,"Miami Life, October 1, 1927",https://dpanther.fiu.edu/search?ln=en&p=FI21052700_00038
FI21052700_00039,1927-10-08,"Miami Life, October 8, 1927",https://dpanther.fiu.edu/search?ln=en&p=FI21052700_00039
FI21052700_00040,1927-10-15,"Miami Life, October 15, 1927",https://dpanther.fiu.edu/search?ln=en&p=FI21052700_00040
FI21052700_00041,1927-10-22,"Miami Life, October 22, 1927",https://dpanther.fiu.edu/search?ln=en&p=FI21052700_00041
FI21052700_00042,1927-10-29,"Miami Life, October 29, 1927",https://dpanther.fiu.edu/search?ln=en&p=FI21052700_00042
FI21052700_00043,1927-11-05,"Miami Life, November 5, 1927",https://dpanther.fiu.edu/search?ln=en&p=FI21052700_00043
FI21052700_00044,1927-11-12,"Miami Life, November 12, 1927",https://dpanther.fiu.edu/search?ln=en&p=FI21052700_00044
FI21052700_00045,1927-11-19,"Miami Life, November 19, 1927",https://dpanther.fiu.edu/search?ln=en&p=FI21052700_00045
FI21052700_00046,1927-11-26,"Miami Life, November 26, 1927",https://dpanther.fiu.edu/search?ln=en&p=FI21052700_00046
FI21052700_00047,1927-12-03,"Miami Life, December 3, 1927",https://dpanther.fiu.edu/search?ln=en&p=FI21052700_00047
FI21052700_00048,1927-12-10,"Miami Life, December 10, 1927",https://dpanther.fiu.edu/search?ln=en&p=FI21052700_00048
FI21052700_00049,1927-12-17,"Miami Life, December 17, 1927",https://dpanther.fiu.edu/search?ln=en&p=FI21052700_00049
FI21052700_00050,1927-12-24,"Miami Life, December 24, 1927",https://dpanther.fiu.edu/search?ln=en&p=FI21052700_00050
FI21052700_00051,1927-12-31,"Miami Life, December 31, 1927",https://dpanther.fiu.edu/search?ln=en&p=FI21052700_00051
FI21052701_00001,1949-01-01,"Miami Life, January 1, 1949",https://dpanther.fiu.edu/search?ln=en&p=FI21052701_00001
FI21052701_00002,1949-01-08,"Miami Life, January 8, 1949",https://dpanther.fiu.edu/search?ln=en&p=FI21052701_00002
FI21052701_00003,1949-01-15,"Miami Life, January 15, 1949",https://dpanther.fiu.edu/search?ln=en&p=FI21052701_00003
FI21052701_00004,1949-01-22,"Miami Life, January 22, 1949",https://dpanther.fiu.edu/search?ln=en&p=FI21052701_00004
FI21052701_00005,1949-01-29,"Miami Life, January 29, 1949",https://dpanther.fiu.edu/search?ln=en&p=FI21052701_00005
FI21052701_00006,1949-02-05,"Miami Life, February 5, 1949",https://dpanther.fiu.edu/search?ln=en&p=FI21052701_00006
FI21052701_00007,1949-02-12,"Miami Life, February 12, 1949",https://dpanther.fiu.edu/search?ln=en&p=FI21052701_00007
FI21052701_00008,1949-02-19,"Miami Life, February 19, 1949",https://dpanther.fiu.edu/search?ln=en&p=FI21052701_00008
FI21052701_00009,1949-02-26,"Miami Life, February 26, 1949",https://dpanther.fiu.edu/search?ln=en&p=FI21052701_00009
FI21052701_00010,1949-03-05,"Miami Life, March 5, 1949",https://dpanther.fiu.edu/search?ln=en&p=FI21052701_00010
FI21052701_00011,1949-03-12,"Miami Life, March 12, 1949",https://dpanther.fiu.edu/search?ln=en&p=FI21052701_00011
FI21052701_00012,1949-03-19,"Miami Life, March 19, 1949",https://dpanther.fiu.edu/search?ln=en&p=FI21052701_00012
FI21052701_00013,1949-03-26,"Miami Life, March 26, 1949",https://dpanther.fiu.edu/search?ln=en&p=FI21052701_00013
FI21052701_00014,1949-04-02,"Miami Life, April 2, 1949",https://dpanther.fiu.edu/search?ln=en&p=FI21052701_00014
FI21052701_00015,1949-04-09,"Miami Life, April 9, 1949",https://dpanther.fiu.edu/search?ln=en&p=FI21052701_00015
FI21052701_00016,1949-04-16,"Miami Life, April 16, 1949",https://dpanther.fiu.edu/search?ln=en&p=FI21052701_00016
FI21052701_00017,1949-04-23,"Miami Life, April 23, 1949",https://dpanther.fiu.edu/search?ln=en&p=FI21052701_00017
FI21052701_00018,1949-04-30,"Miami Life, April 30, 1949",https://dpanther.fiu.edu/search?ln=en&p=FI21052701_00018
FI21052701_00019,1949-05-07,"Miami Life, May 7, 1949",https://dpanther.fiu.edu/search?ln=en&p=FI21052701_00019
FI21052701_00020,1949-05-14,"Miami Life, May 14, 1949",https://dpanther.fiu.edu/search?ln=en&p=FI21052701_00020
FI21052701_00021,1949-05-21,"Miami Life, May 21, 1949",https://dpanther.fiu.edu/search?ln=en&p=FI21052701_00021
FI21052701_00022,1949-05-28,"Miami Life, May 28, 1949",https://dpanther.fiu.edu/search?ln=en&p=FI21052701_00022
FI21052701_00023,1949-06-04,"Miami Life, June 4, 1949",https://dpanther.fiu.edu/search?ln=en&p=FI21052701_00023
FI21052701_00024,1949-06-11,"Miami Life, June 11, 1949",https://dpanther.fiu.edu/search?ln=en&p=FI21052701_00024
FI21052701_00025,1949-06-18,"Miami Life, June 18, 1949",https://dpanther.fiu.edu/search?ln=en&p=FI21052701_00025
FI21052701_00026,1949-06-25,"Miami Life, June 25, 1949",https://dpanther.fiu.edu/search?ln=en&p=FI21052701_00026
FI21052701_00027,1949-07-02,"Miami Life, July 2, 1949",https://dpanther.fiu.edu/search?ln=en&p=FI21052701_00027
FI21052701_00028,1949-07-09,"Miami Life, July 9, 1949",https://dpanther.fiu.edu/search?ln=en&p=FI21052701_00028
FI21052701_00029,1949-07-16,"Miami Life, July 16, 1949",https://dpanther.fiu.edu/search?ln=en&p=FI21052701_00029
FI21052701_00030,1949-07-23,"Miami Life, July 23, 1949",https://dpanther.fiu.edu/search?ln=en&p=FI21052701_00030
FI21052701_00032,1949-08-06,"Miami Life, August 6, 1949",https://dpanther.fiu.edu/search?ln=en&p=FI21052701_00032
FI21052701_00033,1949-08-13,"Miami Life, August 13, 1949",https://dpanther.fiu.edu/search?ln=en&p=FI21052701_00033
FI21052701_00034,1949-08-20,"Miami Life, August 20, 1949",https://dpanther.fiu.edu/search?ln=en&p=FI21052701_00034
FI21052701_00035,1949-08-27,"Miami Life, August 27, 1949",https://dpanther.fiu.edu/search?ln=en&p=FI21052701_00035
FI21052701_00036,1949-09-03,"Miami Life, September 3, 1949",https://dpanther.fiu.edu/search?ln=en&p=FI21052701_00036
FI21052701_00037,1949-09-10,"Miami Life, September 10, 1949",https://dpanther.fiu.edu/search?ln=en&p=FI21052701_00037
FI21052701_00038,1949-09-17,"Miami Life, September 17, 1949",https://dpanther.fiu.edu/search?ln=en&p=FI21052701_00038
FI21052701_00039,1949-09-24,"Miami Life, September 24, 1949",https://dpanther.fiu.edu/search?ln=en&p=FI21052701_00039
FI21052701_00040,1949-10-01,"Miami Life, October 1, 1949",https://dpanther.fiu.edu/search?ln=en&p=FI21052701_00040
FI21052701_00041,1949-10-08,"Miami Life, October 8, 1949",https://dpanther.fiu.edu/search?ln=en&p=FI21052701_00041
FI21052701_00042,1949-10-15,"Miami Life, October 15, 1949",https://dpanther.fiu.edu/search?ln=en&p=FI21052701_00042
FI21052701_00043,1949-10-22,"Miami Life, October 22, 1949",https://dpanther.fiu.edu/search?ln=en&p=FI21052701_00043
FI21052701_00044,1949-10-29,"Miami Life, October 29, 1949",https://dpanther.fiu.edu/search?ln=en&p=FI21052701_00044
FI21052701_00045,1949-11-05,"Miami Life, November 5, 1949",https://dpanther.fiu.edu/search?ln=en&p=FI21052701_00045
FI21052701_00046,1949-11-12,"Miami Life, November 12, 1949",https://dpanther.fiu.edu/search?ln=en&p=FI21052701_00046
FI21052701_00047,1949-11-19,"Miami Life, November 19, 1949",https://dpanther.fiu.edu/search?ln=en&p=FI21052701_00047
FI21052701_00048,1949-11-26,"Miami Life, November 26, 1949",https://dpanther.fiu.edu/search?ln=en&p=FI21052701_00048
FI21052701_00049,1949-12-03,"Miami Life, December 3, 1949",https://dpanther.fiu.edu/search?ln=en&p=FI21052701_00049
FI21052701_00050,1949-12-10,"Miami Life, December 10, 1949",https://dpanther.fiu.edu/search?ln=en&p=FI21052701_00050
FI21052701_00051,1949-12-17,"Miami Life, December 17, 1949",https://dpanther.fiu.edu/search?ln=en&p=FI21052701_00051
FI21052701_00052,1949-12-24,"Miami Life, December 24, 1949",https://dpanther.fiu.edu/search?ln=en&p=FI21052701_00052
FI21052702_00002,1934-09-29,"Miami Life, September 29, 1934",https://dpanther.fiu.edu/search?ln=en&p=FI21052702_00002
FI21052702_00003,1934-10-06,"Miami Life, October 6, 1934",https://dpanther.fiu.edu/search?ln=en&p=FI21052702_00003
FI21052702_00004,1934-10-13,"Miami Life, October 13, 1934",https://dpanther.fiu.edu/search?ln=en&p=FI21052702_00004
FI21052702_00005,1934-10-20,"Miami Life, October 20, 1934",https://dpanther.fiu.edu/search?ln=en&p=FI21052702_00005
FI21052702_00006,1934-10-27,"Miami Life, October 27, 1934",https://dpanther.fiu.edu/search?ln=en&p=FI21052702_00006
FI21052702_00007,1934-11-03,"Miami Life, November 3, 1934",https://dpanther.fiu.edu/search?ln=en&p=FI21052702_00007
FI21052702_00008,1934-11-10,"Miami Life, November 10, 1934",https://dpanther.fiu.edu/search?ln=en&p=FI21052702_00008
FI21052702_00009,1934-11-17,"Miami Life, November 17, 1934",https://dpanther.fiu.edu/search?ln=en&p=FI21052702_00009
FI21052702_00010,1934-11-24,"Miami Life, November 24, 1934",https://dpanther.fiu.edu/search?ln=en&p=FI21052702_00010
FI21052702_00011,1934-12-01,"Miami Life, December 1, 1934",https://dpanther.fiu.edu/search?ln=en&p=FI21052702_00011
FI21052702_00012,1934-12-08,"Miami Life, December 8, 1934",https://dpanther.fiu.edu/search?ln=en&p=FI21052702_00012
FI21052702_00013,1934-12-15,"Miami Life, December 15, 1934",https://dpanther.fiu.edu/search?ln=en&p=FI21052702_00013
FI21052702_00014,1934-12-22,"Miami Life, December 22, 1934",https://dpanther.fiu.edu/search?ln=en&p=FI21052702_00014
FI21052702_00015,1934-12-29,"Miami Life, December 29, 1934",https://dpanther.fiu.edu/search?ln=en&p=FI21052702_00015
FI21052702_00016,1935-01-05,"Miami Life, January 5, 1935",https://dpanther.fiu.edu/search?ln=en&p=FI21052702_00016
FI21052702_00017,1935-01-12,"Miami Life, January 12, 1935",https://dpanther.fiu.edu/search?ln=en&p=FI21052702_00017
FI21052702_00018,1935-01-19,"Miami Life, January 19, 1935",https://dpanther.fiu.edu/search?ln=en&p=FI21052702_00018
FI21052702_00019,1935-01-26,"Miami Life, January 26, 1935",https://dpanther.fiu.edu/search?ln=en&p=FI21052702_00019
FI21052702_00020,1935-02-02,"Miami Life, February 2, 1935",https://dpanther.fiu.edu/search?ln=en&p=FI21052702_00020
FI21052702_00021,1935-02-09,"Miami Life, February 9, 1935",https://dpanther.fiu.edu/search?ln=en&p=FI21052702_00021
FI21052702_00022,1935-02-16,"Miami Life, February 16, 1935",https://dpanther.fiu.edu/search?ln=en&p=FI21052702_00022
FI21052702_00023,1935-02-23,"Miami Life, February 23, 1935",https://dpanther.fiu.edu/search?ln=en&p=FI21052702_00023
FI21052702_00024,1935-03-02,"Miami Life, March 2, 1935",https://dpanther.fiu.edu/search?ln=en&p=FI21052702_00024
FI21052702_00025,1935-03-09,"Miami Life, March 9, 1935",https://dpanther.fiu.edu/search?ln=en&p=FI21052702_00025
FI21052702_00026,1935-03-16,"Miami Life, March 16, 1935",https://dpanther.fiu.edu/search?ln=en&p=FI21052702_00026
FI21052702_00027,1935-03-23,"Miami Life, March 23, 1935",https://dpanther.fiu.edu/search?ln=en&p=FI21052702_00027
FI21052702_00028,1935-03-30,"Miami Life, March 30, 1935",https://dpanther.fiu.edu/search?ln=en&p=FI21052702_00028
FI21052702_00029,1935-04-06,"Miami Life, April 6, 1935",https://dpanther.fiu.edu/search?ln=en&p=FI21052702_00029
FI21052702_00030,1935-04-13,"Miami Life, April 13, 1935",https://dpanther.fiu.edu/search?ln=en&p=FI21052702_00030
FI21052702_00031,1935-04-20,"Miami Life, April 20, 1935",https://dpanther.fiu.edu/search?ln=en&p=FI21052702_00031
FI21052702_00032,1935-04-27,"Miami Life, April 27, 1935",https://dpanther.fiu.edu/search?ln=en&p=FI21052702_00032
FI21052702_00033,1935-05-04,"Miami Life, May 4, 1935",https://dpanther.fiu.edu/search?ln=en&p=FI21052702_00033
FI21052702_00034,1935-05-11,"Miami Life, May 11, 1935",https://dpanther.fiu.edu/search?ln=en&p=FI21052702_00034
FI21052702_00035,1935-05-18,"Miami Life, May 18, 1935",https://dpanther.fiu.edu/search?ln=en&p=FI21052702_00035
FI21052702_00036,1935-05-25,"Miami Life, May 25, 1935",https://dpanther.fiu.edu/search?ln=en&p=FI21052702_00036
FI21052702_00037,1935-06-01,"Miami Life, June 1, 1935",https://dpanther.fiu.edu/search?ln=en&p=FI21052702_00037
FI21052702_00038,1935-06-08,"Miami Life, June 8, 1935",https://dpanther.fiu.edu/search?ln=en&p=FI21052702_00038
FI21052702_00039,1935-06-15,"Miami Life, June 15, 1935",https://dpanther.fiu.edu/search?ln=en&p=FI21052702_00039
FI21052702_00040,1935-06-22,"Miami Life, June 22, 1935",https://dpanther.fiu.edu/search?ln=en&p=FI21052702_00040
FI21052702_00041,1935-06-29,"Miami Life, June 29, 1935",https://dpanther.fiu.edu/search?ln=en&p=FI21052702_00041
FI21052702_00042,1935-07-06,"Miami Life, July 6, 1935",https://dpanther.fiu.edu/search?ln=en&p=FI21052702_00042
FI21052702_00043,1935-07-13,"Miami Life, July 13, 1935",https://dpanther.fiu.edu/search?ln=en&p=FI21052702_00043
FI21052702_00044,1935-07-20,"Miami Life, July 20, 1935",https://dpanther.fiu.edu/search?ln=en&p=FI21052702_00044
FI21052702_00045,1935-07-27,"Miami Life, July 27, 1935",https://dpanther.fiu.edu/search?ln=en&p=FI21052702_00045
FI21052702_00046,1935-08-03,"Miami Life, August 3, 1935",https://dpanther.fiu.edu/search?ln=en&p=FI21052702_00046
FI21052702_00047,1935-08-10,"Miami Life, August 10, 1935",https://dpanther.fiu.edu/search?ln=en&p=FI21052702_00047
FI21052702_00048,1935-08-17,"Miami Life, August 17, 1935",https://dpanther.fiu.edu/search?ln=en&p=FI21052702_00048
FI21052702_00049,1935-08-24,"Miami Life, August 24, 1935",https://dpanther.fiu.edu/search?ln=en&p=FI21052702_00049
FI21052702_00050,1935-08-31,"Miami Life, August 31, 1935",https://dpanther.fiu.edu/search?ln=en&p=FI21052702_00050
FI21052702_00051,1935-09-07,"Miami Life, September 7, 1935",https://dpanther.fiu.edu/search?ln=en&p=FI21052702_00051
FI21052703_00001,1928-01-07,"Miami Life, January 7, 1928",https://dpanther.fiu.edu/search?ln=en&p=FI21052703_00001
FI21052703_00002,1928-01-14,"Miami Life, January 14, 1928",https://dpanther.fiu.edu/search?ln=en&p=FI21052703_00002
FI21052703_00003,1928-01-21,"Miami Life, January 21, 1928",https://dpanther.fiu.edu/search?ln=en&p=FI21052703_00003
FI21052703_00004,1928-01-28,"Miami Life, January 28, 1928",https://dpanther.fiu.edu/search?ln=en&p=FI21052703_00004
FI21052703_00005,1928-02-04,"Miami Life, February 4, 1928",https://dpanther.fiu.edu/search?ln=en&p=FI21052703_00005
FI21052703_00006,1928-02-07,"Miami Life, February 7, 1928",https://dpanther.fiu.edu/search?ln=en&p=FI21052703_00006
FI21052703_00007,1928-02-11,"Miami Life, February 11, 1928",https://dpanther.fiu.edu/search?ln=en&p=FI21052703_00007
FI21052703_00008,1928-02-18,"Miami Life, February 18, 1928",https://dpanther.fiu.edu/search?ln=en&p=FI21052703_00008
FI21052703_00009,1928-02-25,"Miami Life, February 25, 1928",https://dpanther.fiu.edu/search?ln=en&p=FI21052703_00009
FI21052703_00010,1928-03-10,"Miami Life, March 10, 1928",https://dpanther.fiu.edu/search?ln=en&p=FI21052703_00010
FI21052703_00011,1928-03-17,"Miami Life, March 17, 1928",https://dpanther.fiu.edu/search?ln=en&p=FI21052703_00011
FI21052703_00012,1928-03-24,"Miami Life, March 24, 1928",https://dpanther.fiu.edu/search?ln=en&p=FI21052703_00012
FI21052703_00013,1928-03-31,"Miami Life, March 31, 1928",https://dpanther.fiu.edu/search?ln=en&p=FI21052703_00013
FI21052703_00014,1928-04-07,"Miami Life, April 7, 1928",https://dpanther.fiu.edu/search?ln=en&p=FI21052703_00014
FI21052703_00015,1928-04-14,"Miami Life, April 14, 1928",https://dpanther.fiu.edu/search?ln=en&p=FI21052703_00015
FI21052703_00016,1928-04-21,"Miami Life, April 21, 1928",https://dpanther.fiu.edu/search?ln=en&p=FI21052703_00016
FI21052703_00017,1928-04-28,"Miami Life, April 28, 1928",https://dpanther.fiu.edu/search?ln=en&p=FI21052703_00017
FI21052703_00018,1928-05-05,"Miami Life, May 5, 1928",https://dpanther.fiu.edu/search?ln=en&p=FI21052703_00018
FI21052703_00019,1928-05-12,"Miami Life, May 12, 1928",https://dpanther.fiu.edu/search?ln=en&p=FI21052703_00019
FI21052703_00020,1928-05-19,"Miami Life, May 19, 1928",https://dpanther.fiu.edu/search?ln=en&p=FI21052703_00020
FI21052703_00021,1928-05-26,"Miami Life, May 26, 1928",https://dpanther.fiu.edu/search?ln=en&p=FI21052703_00021
FI21052703_00022,1928-06-02,"Miami Life, June 2, 1928",https://dpanther.fiu.edu/search?ln=en&p=FI21052703_00022
FI21052703_00023,1928-06-09,"Miami Life, June 9, 1928",https://dpanther.fiu.edu/search?ln=en&p=FI21052703_00023
FI21052703_00024,1928-06-16,"Miami Life, June 16, 1928",https://dpanther.fiu.edu/search?ln=en&p=FI21052703_00024
FI21052703_00025,1928-06-23,"Miami Life, June 23, 1928",https://dpanther.fiu.edu/search?ln=en&p=FI21052703_00025
FI21052703_00026,1928-06-30,"Miami Life, June 30, 1928",https://dpanther.fiu.edu/search?ln=en&p=FI21052703_00026
FI21052703_00027,1928-07-07,"Miami Life, July 7, 1928",https://dpanther.fiu.edu/search?ln=en&p=FI21052703_00027
FI21052703_00028,1928-07-14,"Miami Life, July 14, 1928",https://dpanther.fiu.edu/search?ln=en&p=FI21052703_00028
FI21052703_00029,1928-07-21,"Miami Life, July 21, 1928",https://dpanther.fiu.edu/search?ln=en&p=FI21052703_00029
FI21052703_00030,1928-08-04,"Miami Life, August 4, 1928",https://dpanther.fiu.edu/search?ln=en&p=FI21052703_00030
FI21052703_00031,1928-08-11,"Miami Life, August 11, 1928",https://dpanther.fiu.edu/search?ln=en&p=FI21052703_00031
FI21052703_00032,1928-08-18,"Miami Life, August 18, 1928",https://dpanther.fiu.edu/search?ln=en&p=FI21052703_00032
FI21052703_00033,1928-08-25,"Miami Life, August 25, 1928",https://dpanther.fiu.edu/search?ln=en&p=FI21052703_00033
FI21052703_00034,1928-09-01,"Miami Life, September 1, 1928",https://dpanther.fiu.edu/search?ln=en&p=FI21052703_00034
FI21052703_00035,1928-09-08,"Miami Life, September 8, 1928",https://dpanther.fiu.edu/search?ln=en&p=FI21052703_00035
FI21052703_00036,1928-09-15,"Miami Life, September 15, 1928",https://dpanther.fiu.edu/search?ln=en&p=FI21052703_00036
FI21052703_00037,1928-09-22,"Miami Life, September 22, 1928",https://dpanther.fiu.edu/search?ln=en&p=FI21052703_00037
FI21052703_00038,1928-09-29,"Miami Life, September 29, 1928",https://dpanther.fiu.edu/search?ln=en&p=FI21052703_00038
FI21052703_00039,1928-10-06,"Miami Life, October 6, 1928",https://dpanther.fiu.edu/search?ln=en&p=FI21052703_00039
FI21052703_00040,1928-10-13,"Miami Life, October 13, 1928",https://dpanther.fiu.edu/search?ln=en&p=FI21052703_00040
FI21052703_00041,1928-10-20,"Miami Life, October 20, 1928",https://dpanther.fiu.edu/search?ln=en&p=FI21052703_00041
FI21052703_00042,1928-10-27,"Miami Life, October 27, 1928",https://dpanther.fiu.edu/search?ln=en&p=FI21052703_00042
FI21052703_00043,1928-11-03,"Miami Life, November 3, 1928",https://dpanther.fiu.edu/search?ln=en&p=FI21052703_00043
FI21052703_00044,1928-11-10,"Miami Life, November 10, 1928",https://dpanther.fiu.edu/search?ln=en&p=FI21052703_00044
FI21052703_00045,1928-11-17,"Miami Life, November 17, 1928",https://dpanther.fiu.edu/search?ln=en&p=FI21052703_00045
FI21052703_00046,1928-11-24,"Miami Life, November 24, 1928",https://dpanther.fiu.edu/search?ln=en&p=FI21052703_00046
FI21052703_00047,1928-12-01,"Miami Life, December 1, 1928",https://dpanther.fiu.edu/search?ln=en&p=FI21052703_00047
FI21052703_00048,1928-12-08,"Miami Life, December 8, 1928",https://dpanther.fiu.edu/search?ln=en&p=FI21052703_00048
FI21052703_00049,1928-12-15,"Miami Life, December 15, 1928",https://dpanther.fiu.edu/search?ln=en&p=FI21052703_00049
FI21052703_00050,1928-12-22,"Miami Life, December 22, 1928",https://dpanther.fiu.edu/search?ln=en&p=FI21052703_00050
FI21052703_00051,1928-12-29,"Miami Life, December 29, 1928",https://dpanther.fiu.edu/search?ln=en&p=FI21052703_00051
FI21052703_00052,1929-01-05,"Miami Life, January 5, 1929",https://dpanther.fiu.edu/search?ln=en&p=FI21052703_00052
